datetime,epoch_timestamp,register_29,register_33
2025-06-01 21:43:37,1748832217,3715238073,11242094510
2025-06-01 21:44:37,1748832277,3715257836,11242195739
2025-06-01 21:45:37,1748832337,3715277592,11242297195
2025-06-01 21:46:37,1748832397,3715297368,11242398087
2025-06-01 21:47:37,1748832457,3715317139,11242499294
2025-06-01 21:48:37,1748832517,3715336898,11242600386
2025-06-01 21:49:37,1748832577,3715356358,11242603217
2025-06-01 21:50:37,1748832637,3715367850,11242603218
2025-06-01 21:51:37,1748832697,3715368888,11242603218
2025-06-01 21:52:37,1748832757,3715369923,11242603219
2025-06-01 21:53:37,1748832817,3715370958,11242603220
2025-06-01 21:54:37,1748832877,3715371995,11242603222
2025-06-01 21:55:37,1748832937,3715373027,11242603222
2025-06-01 21:56:37,1748832997,3715374062,11242603224
2025-06-01 21:57:37,1748833057,3715375098,11242603224
2025-06-01 21:58:37,1748833117,3715376133,11242603225
2025-06-01 21:59:37,1748833177,3715377167,11242603226
2025-06-01 22:00:37,1748833237,3715378200,11242603227
2025-06-01 22:01:37,1748833297,3715379235,11242603227
2025-06-01 22:02:37,1748833357,3715380269,11242603228
2025-06-01 22:03:37,1748833417,3715381302,11242603228
2025-06-01 22:04:37,1748833477,3715382332,11242603228
2025-06-01 22:05:37,1748833537,3715389194,11242649735
2025-06-01 22:06:37,1748833597,3715408993,11242749472
2025-06-01 22:07:37,1748833657,3715428773,11242849447
2025-06-01 22:08:37,1748833717,3715448541,11242949326
2025-06-01 22:09:37,1748833777,3715468296,11243048950
2025-06-01 22:10:37,1748833837,3715488037,11243148696
2025-06-01 22:11:37,1748833897,3715507725,11243225776
2025-06-01 22:12:37,1748833957,3715527109,11243225777
2025-06-01 22:13:37,1748834017,3715534028,11243225777
2025-06-01 22:14:37,1748834077,3715535059,11243225779
2025-06-01 22:15:37,1748834137,3715536088,11243225778
2025-06-01 22:16:37,1748834197,3715537115,11243225779
2025-06-01 22:17:37,1748834257,3715538142,11243225777
2025-06-01 22:18:37,1748834317,3715539170,11243225779
2025-06-01 22:19:37,1748834377,3715540197,11243225779
2025-06-01 22:20:37,1748834437,3715541223,11243225780
2025-06-01 22:21:37,1748834497,3715542250,11243225781
2025-06-01 22:22:37,1748834557,3715543277,11243225781
2025-06-01 22:23:37,1748834617,3715544316,11243225781
2025-06-01 22:24:37,1748834677,3715545351,11243225782
2025-06-01 22:25:37,1748834737,3715546390,11243225783
2025-06-01 22:26:37,1748834797,3715547427,11243225783
2025-06-01 22:27:37,1748834857,3715548462,11243225784
2025-06-01 22:28:37,1748834917,3715549500,11243225784
2025-06-01 22:29:37,1748834977,3715550534,11243225785
2025-06-01 22:30:37,1748835037,3715551567,11243225786
2025-06-01 22:31:37,1748835097,3715552601,11243225786
2025-06-01 22:32:37,1748835157,3715553635,11243225787
2025-06-01 22:33:37,1748835217,3715554668,11243225787
2025-06-01 22:34:37,1748835277,3715570819,11243321138
2025-06-01 22:35:37,1748835337,3715590588,11243420097
2025-06-01 22:36:37,1748835397,3715610352,11243518875
2025-06-01 22:37:37,1748835457,3715630094,11243617592
2025-06-01 22:38:37,1748835517,3715649830,11243716199
2025-06-01 22:39:37,1748835577,3715669484,11243792483
2025-06-01 22:40:37,1748835637,3715688878,11243792483
2025-06-01 22:41:37,1748835697,3715695612,11243792483
2025-06-01 22:42:37,1748835757,3715696645,11243792484
2025-06-01 22:43:37,1748835817,3715697676,11243792484
2025-06-01 22:44:37,1748835877,3715698708,11243792484
2025-06-01 22:45:37,1748835937,3715699741,11243792486
2025-06-01 22:46:37,1748835997,3715700775,11243792485
2025-06-01 22:47:37,1748836057,3715701810,11243792486
2025-06-01 22:48:37,1748836117,3715702847,11243792486
2025-06-01 22:49:37,1748836177,3715703884,11243792486
2025-06-01 22:50:37,1748836237,3715704921,11243792486
2025-06-01 22:51:37,1748836297,3715705960,11243792486
2025-06-01 22:52:37,1748836357,3715706998,11243792487
2025-06-01 22:53:37,1748836417,3715708037,11243792487
2025-06-01 22:54:37,1748836477,3715709077,11243792487
2025-06-01 22:55:37,1748836537,3715710118,11243792488
2025-06-01 22:56:37,1748836597,3715711161,11243792488
2025-06-01 22:57:37,1748836657,3715712202,11243792489
2025-06-01 22:58:37,1748836717,3715713245,11243792491
2025-06-01 22:59:37,1748836777,3715714286,11243792491
2025-06-01 23:00:37,1748836837,3715715328,11243792492
2025-06-01 23:01:37,1748836897,3715716369,11243792493
2025-06-01 23:02:37,1748836957,3715727890,11243862767
2025-06-01 23:03:37,1748837017,3715747623,11243961292
2025-06-01 23:04:37,1748837077,3715767338,11244059864
2025-06-01 23:05:37,1748837137,3715787052,11244158187
2025-06-01 23:06:37,1748837197,3715806758,11244256625
2025-06-01 23:07:37,1748837257,3715826467,11244354990
2025-06-01 23:08:37,1748837317,3715846060,11244405979
2025-06-01 23:09:37,1748837377,3715865436,11244405980
2025-06-01 23:10:37,1748837437,3715867522,11244405982
2025-06-01 23:11:37,1748837497,3715868574,11244405983
2025-06-01 23:12:37,1748837557,3715869625,11244405984
2025-06-01 23:13:37,1748837617,3715870674,11244405984
2025-06-01 23:14:37,1748837677,3715871724,11244405985
2025-06-01 23:15:37,1748837737,3715872777,11244405986
2025-06-01 23:16:37,1748837797,3715873831,11244405987
2025-06-01 23:17:37,1748837857,3715874885,11244405989
2025-06-01 23:18:37,1748837917,3715875936,11244405992
2025-06-01 23:19:37,1748837977,3715876987,11244405993
2025-06-01 23:20:37,1748838037,3715878037,11244405993
2025-06-01 23:21:37,1748838097,3715879087,11244405993
2025-06-01 23:22:37,1748838157,3715880137,11244405994
2025-06-01 23:23:37,1748838217,3715881188,11244405994
2025-06-01 23:24:37,1748838277,3715882237,11244405994
2025-06-01 23:25:37,1748838337,3715883287,11244405996
2025-06-01 23:26:37,1748838397,3715884338,11244405996
2025-06-01 23:27:37,1748838457,3715885385,11244405996
2025-06-01 23:28:37,1748838517,3715901844,11244501610
2025-06-01 23:29:37,1748838577,3715921581,11244600619
2025-06-01 23:30:37,1748838637,3715941303,11244699485
2025-06-01 23:31:37,1748838697,3715961017,11244798054
2025-06-01 23:32:37,1748838757,3715980762,11244896885
2025-06-01 23:33:37,1748838817,3716000382,11244947984
2025-06-01 23:34:37,1748838877,3716019777,11244947986
2025-06-01 23:35:37,1748838937,3716021951,11244947986
2025-06-01 23:36:37,1748838997,3716023001,11244947985
2025-06-01 23:37:37,1748839057,3716024054,11244947986
2025-06-01 23:38:37,1748839117,3716025106,11244947986
2025-06-01 23:39:37,1748839177,3716026156,11244947987
2025-06-01 23:40:37,1748839237,3716027205,11244947987
2025-06-01 23:41:37,1748839297,3716028255,11244947987
2025-06-01 23:42:37,1748839357,3716029305,11244947987
2025-06-01 23:43:37,1748839417,3716030357,11244947987
2025-06-01 23:44:37,1748839477,3716031406,11244947988
2025-06-01 23:45:37,1748839537,3716032455,11244947989
2025-06-01 23:46:37,1748839597,3716033505,11244947990
2025-06-01 23:47:37,1748839657,3716034557,11244947992
2025-06-01 23:48:37,1748839717,3716035610,11244947992
2025-06-01 23:49:37,1748839777,3716036661,11244947992
2025-06-01 23:50:37,1748839837,3716037713,11244947992
2025-06-01 23:51:37,1748839897,3716038773,11244947993
2025-06-01 23:52:37,1748839957,3716039834,11244947993
2025-06-01 23:53:37,1748840017,3716040896,11244947995
2025-06-01 23:54:37,1748840077,3716041958,11244947995
2025-06-01 23:55:37,1748840137,3716043019,11244947995
2025-06-01 23:56:37,1748840197,3716044071,11244947997
2025-06-01 23:57:37,1748840257,3716045124,11244947997
2025-06-01 23:58:37,1748840317,3716056958,11245019089
2025-06-01 23:59:37,1748840377,3716076801,11245117229
2025-06-02 00:00:37,1748840437,3716096632,11245215369
2025-06-02 00:01:37,1748840497,3716116443,11245313403
2025-06-02 00:02:37,1748840557,3716136253,11245411444
2025-06-02 00:03:37,1748840617,3716156052,11245509566
2025-06-02 00:04:37,1748840677,3716175526,11245510634
2025-06-02 00:05:37,1748840737,3716186898,11245510634
2025-06-02 00:06:37,1748840797,3716187967,11245510636
2025-06-02 00:07:37,1748840857,3716189040,11245510637
2025-06-02 00:08:37,1748840917,3716190110,11245510638
2025-06-02 00:09:37,1748840977,3716191177,11245510638
2025-06-02 00:10:37,1748841037,3716192237,11245510639
2025-06-02 00:11:37,1748841097,3716193297,11245510640
2025-06-02 00:12:37,1748841157,3716194357,11245510641
2025-06-02 00:13:37,1748841217,3716195419,11245510641
2025-06-02 00:14:37,1748841277,3716196479,11245510642
2025-06-02 00:15:37,1748841337,3716197542,11245510643
2025-06-02 00:16:37,1748841397,3716198603,11245510644
2025-06-02 00:17:37,1748841457,3716199667,11245510645
2025-06-02 00:18:37,1748841517,3716200727,11245510645
2025-06-02 00:19:37,1748841577,3716201789,11245510646
2025-06-02 00:20:37,1748841637,3716202845,11245510648
2025-06-02 00:21:37,1748841697,3716203901,11245510648
2025-06-02 00:22:37,1748841757,3716204957,11245510649
2025-06-02 00:23:37,1748841817,3716206013,11245510649
2025-06-02 00:24:37,1748841877,3716207064,11245510650
2025-06-02 00:25:37,1748841937,3716208109,11245510651
2025-06-02 00:26:37,1748841997,3716209155,11245510652
2025-06-02 00:27:37,1748842057,3716210200,11245510653
2025-06-02 00:28:37,1748842117,3716222138,11245581438
2025-06-02 00:29:37,1748842177,3716241949,11245679103
2025-06-02 00:30:37,1748842237,3716261740,11245776585
2025-06-02 00:31:37,1748842297,3716281531,11245873940
2025-06-02 00:32:37,1748842357,3716301321,11245971259
2025-06-02 00:33:37,1748842417,3716321122,11246068628
2025-06-02 00:34:37,1748842477,3716340702,11246093636
2025-06-02 00:35:37,1748842537,3716356528,11246093638
2025-06-02 00:36:37,1748842597,3716357591,11246093639
2025-06-02 00:37:37,1748842657,3716358654,11246093640
2025-06-02 00:38:37,1748842717,3716359712,11246093641
2025-06-02 00:39:37,1748842777,3716360765,11246093642
2025-06-02 00:40:37,1748842837,3716361815,11246093642
2025-06-02 00:41:37,1748842897,3716362867,11246093642
2025-06-02 00:42:37,1748842957,3716363919,11246093643
2025-06-02 00:43:37,1748843017,3716364968,11246093644
2025-06-02 00:44:37,1748843077,3716366019,11246093644
2025-06-02 00:45:37,1748843137,3716367067,11246093644
2025-06-02 00:46:37,1748843197,3716368118,11246093645
2025-06-02 00:47:37,1748843257,3716369166,11246093645
2025-06-02 00:48:37,1748843317,3716370214,11246093645
2025-06-02 00:49:37,1748843377,3716371262,11246093646
2025-06-02 00:50:37,1748843437,3716372310,11246093646
2025-06-02 00:51:37,1748843497,3716373358,11246093646
2025-06-02 00:52:37,1748843557,3716374406,11246093647
2025-06-02 00:53:37,1748843617,3716375455,11246093647
2025-06-02 00:54:37,1748843677,3716376504,11246093648
2025-06-02 00:55:37,1748843737,3716377550,11246093648
2025-06-02 00:56:37,1748843797,3716378595,11246093649
2025-06-02 00:57:37,1748843857,3716381110,11246116691
2025-06-02 00:58:37,1748843917,3716400803,11246212933
2025-06-02 00:59:37,1748843977,3716420477,11246310096
2025-06-02 01:00:37,1748844037,3716440139,11246407035
2025-06-02 01:01:37,1748844097,3716459783,11246503935
2025-06-02 01:02:37,1748844157,3716479414,11246600875
2025-06-02 01:03:37,1748844217,3716498825,11246625485
2025-06-02 01:04:37,1748844277,3716514431,11246625487
2025-06-02 01:05:37,1748844337,3716515484,11246625487
2025-06-02 01:06:37,1748844397,3716516536,11246625490
2025-06-02 01:07:37,1748844457,3716517586,11246625490
2025-06-02 01:08:37,1748844517,3716518633,11246625491
2025-06-02 01:09:37,1748844577,3716519681,11246625491
2025-06-02 01:10:37,1748844637,3716520729,11246625492
2025-06-02 01:11:37,1748844697,3716521777,11246625492
2025-06-02 01:12:37,1748844757,3716522824,11246625492
2025-06-02 01:13:37,1748844817,3716523872,11246625493
2025-06-02 01:14:37,1748844877,3716524918,11246625493
2025-06-02 01:15:37,1748844937,3716525961,11246625494
2025-06-02 01:16:37,1748844997,3716527007,11246625494
2025-06-02 01:17:37,1748845057,3716528052,11246625494
2025-06-02 01:18:37,1748845117,3716529098,11246625495
2025-06-02 01:19:37,1748845177,3716530141,11246625495
2025-06-02 01:20:37,1748845237,3716531186,11246625496
2025-06-02 01:21:37,1748845297,3716532229,11246625496
2025-06-02 01:22:37,1748845357,3716533274,11246625497
2025-06-02 01:23:37,1748845417,3716534314,11246625497
2025-06-02 01:24:37,1748845477,3716535350,11246625497
2025-06-02 01:25:37,1748845537,3716536389,11246625499
2025-06-02 01:26:37,1748845597,3716537426,11246625499
2025-06-02 01:27:37,1748845657,3716538464,11246625499
2025-06-02 01:28:37,1748845717,3716539502,11246625498
2025-06-02 01:29:37,1748845777,3716540540,11246625498
2025-06-02 01:30:37,1748845837,3716541583,11246625500
2025-06-02 01:31:37,1748845897,3716542629,11246625500
2025-06-02 01:32:37,1748845957,3716543674,11246625501
2025-06-02 01:33:37,1748846017,3716560355,11246720023
2025-06-02 01:34:37,1748846077,3716580004,11246815793
2025-06-02 01:35:37,1748846137,3716599635,11246911439
2025-06-02 01:36:37,1748846197,3716619250,11247007103
2025-06-02 01:37:37,1748846257,3716638866,11247102936
2025-06-02 01:38:37,1748846317,3716658333,11247151037
2025-06-02 01:39:37,1748846377,3716677592,11247151039
2025-06-02 01:40:37,1748846437,3716679447,11247151039
2025-06-02 01:41:37,1748846497,3716680501,11247151040
2025-06-02 01:42:37,1748846557,3716681557,11247151041
2025-06-02 01:43:37,1748846617,3716682611,11247151042
2025-06-02 01:44:37,1748846677,3716683664,11247151043
2025-06-02 01:45:37,1748846737,3716684713,11247151045
2025-06-02 01:46:37,1748846797,3716685762,11247151046
2025-06-02 01:47:37,1748846857,3716686814,11247151046
2025-06-02 01:48:37,1748846917,3716687867,11247151048
2025-06-02 01:49:37,1748846977,3716688919,11247151048
2025-06-02 01:50:37,1748847037,3716689970,11247151049
2025-06-02 01:51:37,1748847097,3716691020,11247151050
2025-06-02 01:52:37,1748847157,3716692069,11247151051
2025-06-02 01:53:37,1748847217,3716693119,11247151052
2025-06-02 01:54:37,1748847277,3716694168,11247151053
2025-06-02 01:55:37,1748847337,3716695216,11247151054
2025-06-02 01:56:37,1748847397,3716696265,11247151055
2025-06-02 01:57:37,1748847457,3716697316,11247151055
2025-06-02 01:58:37,1748847517,3716698369,11247151056
2025-06-02 01:59:37,1748847577,3716699419,11247151057
2025-06-02 02:00:37,1748847637,3716700472,11247151059
2025-06-02 02:01:37,1748847697,3716707803,11247198390
2025-06-02 02:02:37,1748847757,3716727538,11247294496
2025-06-02 02:03:37,1748847817,3716747251,11247390816
2025-06-02 02:04:37,1748847877,3716766937,11247487129
2025-06-02 02:05:37,1748847937,3716786619,11247583413
2025-06-02 02:06:37,1748847997,3716806282,11247679677
2025-06-02 02:07:37,1748848057,3716825731,11247703653
2025-06-02 02:08:37,1748848117,3716841212,11247703654
2025-06-02 02:09:37,1748848177,3716842270,11247703657
2025-06-02 02:10:37,1748848237,3716843326,11247703659
2025-06-02 02:11:37,1748848297,3716844378,11247703660
2025-06-02 02:12:37,1748848357,3716845432,11247703662
2025-06-02 02:13:37,1748848417,3716846482,11247703664
2025-06-02 02:14:37,1748848477,3716847533,11247703666
2025-06-02 02:15:37,1748848537,3716848580,11247703667
2025-06-02 02:16:37,1748848597,3716849632,11247703669
2025-06-02 02:17:37,1748848657,3716850684,11247703672
2025-06-02 02:18:37,1748848717,3716851736,11247703672
2025-06-02 02:19:37,1748848777,3716852782,11247703674
2025-06-02 02:20:37,1748848837,3716853832,11247703675
2025-06-02 02:21:37,1748848897,3716854880,11247703677
2025-06-02 02:22:37,1748848957,3716855929,11247703679
2025-06-02 02:23:37,1748849017,3716856980,11247703682
2025-06-02 02:24:37,1748849077,3716858032,11247703683
2025-06-02 02:25:37,1748849137,3716859083,11247703685
2025-06-02 02:26:37,1748849197,3716860136,11247703686
2025-06-02 02:27:37,1748849257,3716861191,11247703689
2025-06-02 02:28:37,1748849317,3716862244,11247703690
2025-06-02 02:29:37,1748849377,3716863296,11247703692
2025-06-02 02:30:37,1748849437,3716864348,11247703692
2025-06-02 02:31:37,1748849497,3716865399,11247703694
2025-06-02 02:32:37,1748849557,3716866452,11247703696
2025-06-02 02:33:37,1748849617,3716867503,11247703697
2025-06-02 02:34:37,1748849677,3716868560,11247703700
2025-06-02 02:35:37,1748849737,3716869613,11247703702
2025-06-02 02:36:37,1748849797,3716870666,11247703703
2025-06-02 02:37:37,1748849857,3716871718,11247703704
2025-06-02 02:38:37,1748849917,3716872770,11247703705
2025-06-02 02:39:37,1748849977,3716873821,11247703706
2025-06-02 02:40:37,1748850037,3716885908,11247774971
2025-06-02 02:41:37,1748850097,3716905652,11247870910
2025-06-02 02:42:37,1748850157,3716925382,11247966625
2025-06-02 02:43:37,1748850217,3716945102,11248062343
2025-06-02 02:44:37,1748850277,3716964824,11248158106
2025-06-02 02:45:37,1748850337,3716984531,11248253062
2025-06-02 02:46:37,1748850397,3717003937,11248253066
2025-06-02 02:47:37,1748850457,3717014794,11248253068
2025-06-02 02:48:37,1748850517,3717015855,11248253069
2025-06-02 02:49:37,1748850577,3717016916,11248253071
2025-06-02 02:50:37,1748850637,3717017974,11248253073
2025-06-02 02:51:37,1748850697,3717019036,11248253075
2025-06-02 02:52:37,1748850757,3717020095,11248253076
2025-06-02 02:53:37,1748850817,3717021152,11248253077
2025-06-02 02:54:37,1748850877,3717022209,11248253078
2025-06-02 02:55:37,1748850937,3717023269,11248253080
2025-06-02 02:56:37,1748850997,3717024328,11248253082
2025-06-02 02:57:37,1748851057,3717025387,11248253084
2025-06-02 02:58:37,1748851117,3717026446,11248253086
2025-06-02 02:59:37,1748851177,3717027506,11248253087
2025-06-02 03:00:37,1748851237,3717028564,11248253089
2025-06-02 03:01:37,1748851297,3717029620,11248253092
2025-06-02 03:02:37,1748851357,3717030675,11248253095
2025-06-02 03:03:37,1748851417,3717031732,11248253099
2025-06-02 03:04:37,1748851477,3717032785,11248253102
2025-06-02 03:05:37,1748851537,3717033841,11248253107
2025-06-02 03:06:37,1748851597,3717034895,11248253110
2025-06-02 03:07:37,1748851657,3717035946,11248253114
2025-06-02 03:08:37,1748851717,3717037001,11248253117
2025-06-02 03:09:37,1748851777,3717038055,11248253121
2025-06-02 03:10:37,1748851837,3717039110,11248253124
2025-06-02 03:11:37,1748851897,3717040162,11248253128
2025-06-02 03:12:37,1748851957,3717041218,11248253130
2025-06-02 03:13:37,1748852017,3717042271,11248253133
2025-06-02 03:14:37,1748852077,3717043326,11248253137
2025-06-02 03:15:37,1748852137,3717044379,11248253140
2025-06-02 03:16:37,1748852197,3717045433,11248253142
2025-06-02 03:17:37,1748852257,3717057657,11248323437
2025-06-02 03:18:37,1748852317,3717077372,11248417575
2025-06-02 03:19:37,1748852377,3717097070,11248511745
2025-06-02 03:20:37,1748852437,3717116757,11248605911
2025-06-02 03:21:37,1748852497,3717136446,11248700105
2025-06-02 03:22:37,1748852557,3717156122,11248792989
2025-06-02 03:23:37,1748852617,3717175493,11248792994
2025-06-02 03:24:37,1748852677,3717186186,11248792996
2025-06-02 03:25:37,1748852737,3717187248,11248793000
2025-06-02 03:26:37,1748852797,3717188307,11248793004
2025-06-02 03:27:37,1748852857,3717189365,11248793007
2025-06-02 03:28:37,1748852917,3717190426,11248793008
2025-06-02 03:29:37,1748852977,3717191486,11248793011
2025-06-02 03:30:37,1748853037,3717192544,11248793013
2025-06-02 03:31:37,1748853097,3717193601,11248793014
2025-06-02 03:32:37,1748853157,3717194661,11248793017
2025-06-02 03:33:37,1748853217,3717195722,11248793018
2025-06-02 03:34:37,1748853277,3717196787,11248793020
2025-06-02 03:35:37,1748853337,3717197848,11248793021
2025-06-02 03:36:37,1748853397,3717198906,11248793024
2025-06-02 03:37:37,1748853457,3717199966,11248793026
2025-06-02 03:38:37,1748853517,3717201027,11248793029
2025-06-02 03:39:37,1748853577,3717202088,11248793031
2025-06-02 03:40:37,1748853637,3717203145,11248793033
2025-06-02 03:41:37,1748853697,3717204204,11248793035
2025-06-02 03:42:37,1748853757,3717205262,11248793037
2025-06-02 03:43:37,1748853817,3717206323,11248793039
2025-06-02 03:44:37,1748853877,3717207381,11248793042
2025-06-02 03:45:37,1748853937,3717208440,11248793044
2025-06-02 03:46:37,1748853997,3717209496,11248793046
2025-06-02 03:47:37,1748854057,3717210555,11248793048
2025-06-02 03:48:37,1748854117,3717211613,11248793050
2025-06-02 03:49:37,1748854177,3717212671,11248793053
2025-06-02 03:50:37,1748854237,3717213726,11248793054
2025-06-02 03:51:37,1748854297,3717214778,11248793056
2025-06-02 03:52:37,1748854357,3717215833,11248793058
2025-06-02 03:53:37,1748854417,3717216887,11248793061
2025-06-02 03:54:37,1748854477,3717217942,11248793063
2025-06-02 03:55:37,1748854537,3717218997,11248793066
2025-06-02 03:56:37,1748854597,3717220053,11248793068
2025-06-02 03:57:37,1748854657,3717221106,11248793070
2025-06-02 03:58:37,1748854717,3717228863,11248840838
2025-06-02 03:59:37,1748854777,3717248620,11248934654
2025-06-02 04:00:37,1748854837,3717268348,11249028540
2025-06-02 04:01:37,1748854897,3717288069,11249122362
2025-06-02 04:02:37,1748854957,3717307773,11249216160
2025-06-02 04:03:37,1748855017,3717327482,11249309889
2025-06-02 04:04:37,1748855077,3717347048,11249355116
2025-06-02 04:05:37,1748855137,3717366349,11249355118
2025-06-02 04:06:37,1748855197,3717367910,11249355121
2025-06-02 04:07:37,1748855257,3717368966,11249355123
2025-06-02 04:08:37,1748855317,3717370009,11249355123
2025-06-02 04:09:37,1748855377,3717371054,11249355126
2025-06-02 04:10:37,1748855437,3717372096,11249355128
2025-06-02 04:11:37,1748855497,3717373141,11249355130
2025-06-02 04:12:37,1748855557,3717374184,11249355131
2025-06-02 04:13:37,1748855617,3717375229,11249355134
2025-06-02 04:14:37,1748855677,3717376270,11249355137
2025-06-02 04:15:37,1748855737,3717377315,11249355138
2025-06-02 04:16:37,1748855797,3717378358,11249355141
2025-06-02 04:17:37,1748855857,3717379401,11249355143
2025-06-02 04:18:37,1748855917,3717380443,11249355144
2025-06-02 04:19:37,1748855977,3717381486,11249355147
2025-06-02 04:20:37,1748856037,3717382529,11249355149
2025-06-02 04:21:37,1748856097,3717383571,11249355152
2025-06-02 04:22:37,1748856157,3717384613,11249355154
2025-06-02 04:23:37,1748856217,3717385652,11249355157
2025-06-02 04:24:37,1748856277,3717386692,11249355160
2025-06-02 04:25:37,1748856337,3717387730,11249355163
2025-06-02 04:26:37,1748856397,3717388768,11249355167
2025-06-02 04:27:37,1748856457,3717389804,11249355170
2025-06-02 04:28:37,1748856517,3717390842,11249355174
2025-06-02 04:29:37,1748856577,3717391881,11249355178
2025-06-02 04:30:37,1748856637,3717392914,11249355180
2025-06-02 04:31:37,1748856697,3717393948,11249355184
2025-06-02 04:32:37,1748856757,3717394980,11249355187
2025-06-02 04:33:37,1748856817,3717396012,11249355190
2025-06-02 04:34:37,1748856877,3717397043,11249355195
2025-06-02 04:35:37,1748856937,3717398077,11249355197
2025-06-02 04:36:37,1748856997,3717399111,11249355201
2025-06-02 04:37:37,1748857057,3717400146,11249355204
2025-06-02 04:38:37,1748857117,3717401182,11249355207
2025-06-02 04:39:37,1748857177,3717402220,11249355210
2025-06-02 04:40:37,1748857237,3717403258,11249355214
2025-06-02 04:41:37,1748857297,3717404293,11249355218
2025-06-02 04:42:37,1748857357,3717416702,11249426116
2025-06-02 04:43:37,1748857417,3717436411,11249520109
2025-06-02 04:44:37,1748857477,3717456092,11249613936
2025-06-02 04:45:37,1748857537,3717475766,11249707747
2025-06-02 04:46:37,1748857597,3717495428,11249801618
2025-06-02 04:47:37,1748857657,3717515072,11249893711
2025-06-02 04:48:37,1748857717,3717534438,11249893714
2025-06-02 04:49:37,1748857777,3717545076,11249893716
2025-06-02 04:50:37,1748857837,3717546121,11249893719
2025-06-02 04:51:37,1748857897,3717547165,11249893720
2025-06-02 04:52:37,1748857957,3717548206,11249893723
2025-06-02 04:53:37,1748858017,3717549243,11249893725
2025-06-02 04:54:37,1748858077,3717550283,11249893727
2025-06-02 04:55:37,1748858137,3717551319,11249893729
2025-06-02 04:56:37,1748858197,3717552358,11249893731
2025-06-02 04:57:37,1748858257,3717553397,11249893733
2025-06-02 04:58:37,1748858317,3717554439,11249893735
2025-06-02 04:59:37,1748858377,3717555480,11249893738
2025-06-02 05:00:37,1748858437,3717556520,11249893740
2025-06-02 05:01:37,1748858497,3717557559,11249893741
2025-06-02 05:02:37,1748858557,3717558596,11249893744
2025-06-02 05:03:37,1748858617,3717559633,11249893746
2025-06-02 05:04:37,1748858677,3717560671,11249893748
2025-06-02 05:05:37,1748858737,3717561706,11249893750
2025-06-02 05:06:37,1748858797,3717562741,11249893753
2025-06-02 05:07:37,1748858857,3717563777,11249893755
2025-06-02 05:08:37,1748858917,3717564809,11249893756
2025-06-02 05:09:37,1748858977,3717565842,11249893758
2025-06-02 05:10:37,1748859037,3717566877,11249893760
2025-06-02 05:11:37,1748859097,3717567912,11249893762
2025-06-02 05:12:37,1748859157,3717568948,11249893765
2025-06-02 05:13:37,1748859217,3717569983,11249893766
2025-06-02 05:14:37,1748859277,3717571017,11249893768
2025-06-02 05:15:37,1748859337,3717572053,11249893770
2025-06-02 05:16:37,1748859397,3717573088,11249893773
2025-06-02 05:17:37,1748859457,3717574123,11249893776
2025-06-02 05:18:37,1748859517,3717575159,11249893777
2025-06-02 05:19:37,1748859577,3717576192,11249893778
2025-06-02 05:20:37,1748859637,3717577225,11249893780
2025-06-02 05:21:37,1748859697,3717578258,11249893783
2025-06-02 05:22:37,1748859757,3717579291,11249893784
2025-06-02 05:23:37,1748859817,3717580324,11249893787
2025-06-02 05:24:37,1748859877,3717581360,11249893789
2025-06-02 05:25:37,1748859937,3717582393,11249893791
2025-06-02 05:26:37,1748859997,3717583428,11249893793
2025-06-02 05:27:37,1748860057,3717584459,11249893794
2025-06-02 05:28:37,1748860117,3717585492,11249893797
2025-06-02 05:29:37,1748860177,3717586525,11249893799
2025-06-02 05:30:37,1748860237,3717587556,11249893800
2025-06-02 05:31:37,1748860297,3717595378,11249942127
2025-06-02 05:32:37,1748860357,3717615048,11250036422
2025-06-02 05:33:37,1748860417,3717634709,11250131048
2025-06-02 05:34:37,1748860477,3717654363,11250225581
2025-06-02 05:35:37,1748860537,3717674005,11250320066
2025-06-02 05:36:37,1748860597,3717693575,11250388400
2025-06-02 05:37:37,1748860657,3717712937,11250388404
2025-06-02 05:38:37,1748860717,3717718781,11250388406
2025-06-02 05:39:37,1748860777,3717719816,11250388408
2025-06-02 05:40:37,1748860837,3717720848,11250388410
2025-06-02 05:41:37,1748860897,3717721880,11250388411
2025-06-02 05:42:37,1748860957,3717722914,11250388415
2025-06-02 05:43:37,1748861017,3717723945,11250388417
2025-06-02 05:44:37,1748861077,3717724975,11250388421
2025-06-02 05:45:37,1748861137,3717726004,11250388423
2025-06-02 05:46:37,1748861197,3717727036,11250388427
2025-06-02 05:47:37,1748861257,3717728071,11250388431
2025-06-02 05:48:37,1748861317,3717729104,11250388435
2025-06-02 05:49:37,1748861377,3717730136,11250388438
2025-06-02 05:50:37,1748861437,3717731166,11250388442
2025-06-02 05:51:37,1748861497,3717732198,11250388444
2025-06-02 05:52:37,1748861557,3717733230,11250388447
2025-06-02 05:53:37,1748861617,3717734263,11250388452
2025-06-02 05:54:37,1748861677,3717735297,11250388454
2025-06-02 05:55:37,1748861737,3717736329,11250388457
2025-06-02 05:56:37,1748861797,3717737362,11250388459
2025-06-02 05:57:37,1748861857,3717738396,11250388463
2025-06-02 05:58:37,1748861917,3717739428,11250388467
2025-06-02 05:59:37,1748861977,3717740464,11250388471
2025-06-02 06:00:37,1748862037,3717741497,11250388474
2025-06-02 06:01:37,1748862097,3717742529,11250388477
2025-06-02 06:02:37,1748862157,3717743561,11250388481
2025-06-02 06:03:37,1748862217,3717744591,11250388483
2025-06-02 06:04:37,1748862277,3717745619,11250388487
2025-06-02 06:05:37,1748862337,3717746649,11250388490
2025-06-02 06:06:37,1748862397,3717747675,11250388494
2025-06-02 06:07:37,1748862457,3717748698,11250388496
2025-06-02 06:08:37,1748862517,3717749724,11250388499
2025-06-02 06:09:37,1748862577,3717750747,11250388500
2025-06-02 06:10:37,1748862637,3717751764,11250388502
2025-06-02 06:11:37,1748862697,3717752783,11250388504
2025-06-02 06:12:37,1748862757,3717753803,11250388506
2025-06-02 06:13:37,1748862817,3717754830,11250388508
2025-06-02 06:14:37,1748862877,3717755862,11250388509
2025-06-02 06:15:37,1748862937,3717756894,11250388510
2025-06-02 06:16:37,1748862997,3717757923,11250388513
2025-06-02 06:17:37,1748863057,3717758957,11250388515
2025-06-02 06:18:37,1748863117,3717759988,11250388517
2025-06-02 06:19:37,1748863177,3717761020,11250388520
2025-06-02 06:20:37,1748863237,3717762060,11250388521
2025-06-02 06:21:37,1748863297,3717763096,11250388522
2025-06-02 06:22:37,1748863357,3717764134,11250388525
2025-06-02 06:23:37,1748863417,3717765172,11250388526
2025-06-02 06:24:37,1748863477,3717766213,11250388528
2025-06-02 06:25:37,1748863537,3717767252,11250388530
2025-06-02 06:26:37,1748863597,3717768292,11250388533
2025-06-02 06:27:37,1748863657,3717769326,11250388535
2025-06-02 06:28:37,1748863717,3717770357,11250388536
2025-06-02 06:29:37,1748863777,3717771389,11250388537
2025-06-02 06:30:37,1748863837,3717772418,11250388538
2025-06-02 06:31:37,1748863897,3717773447,11250388540
2025-06-02 06:32:37,1748863957,3717774474,11250388541
2025-06-02 06:33:37,1748864017,3717775507,11250388543
2025-06-02 06:34:37,1748864077,3717776536,11250388545
2025-06-02 06:35:37,1748864137,3717777569,11250388546
2025-06-02 06:36:37,1748864197,3717778601,11250388549
2025-06-02 06:37:37,1748864257,3717779635,11250388551
2025-06-02 06:38:37,1748864317,3717780673,11250388552
2025-06-02 06:39:37,1748864377,3717781710,11250388553
2025-06-02 06:40:37,1748864437,3717782749,11250388556
2025-06-02 06:41:37,1748864497,3717783789,11250388558
2025-06-02 06:42:37,1748864557,3717784827,11250388560
2025-06-02 06:43:37,1748864617,3717785859,11250388561
2025-06-02 06:44:37,1748864677,3717786887,11250388564
2025-06-02 06:45:37,1748864737,3717787918,11250388565
2025-06-02 06:46:37,1748864797,3717788943,11250388567
2025-06-02 06:47:37,1748864857,3717789968,11250388569
2025-06-02 06:48:37,1748864917,3717790993,11250388571
2025-06-02 06:49:37,1748864977,3717792020,11250388572
2025-06-02 06:50:37,1748865037,3717793045,11250388574
2025-06-02 06:51:37,1748865097,3717794070,11250388575
2025-06-02 06:52:37,1748865157,3717795098,11250388576
2025-06-02 06:53:37,1748865217,3717796123,11250388579
2025-06-02 06:54:37,1748865277,3717797152,11250388581
2025-06-02 06:55:37,1748865337,3717798177,11250388583
2025-06-02 06:56:37,1748865397,3717799202,11250388585
2025-06-02 06:57:37,1748865457,3717800230,11250388587
2025-06-02 06:58:37,1748865517,3717801256,11250388589
2025-06-02 06:59:37,1748865577,3717802280,11250388591
2025-06-02 07:00:37,1748865637,3717803306,11250388594
2025-06-02 07:01:37,1748865697,3717804333,11250388596
2025-06-02 07:02:37,1748865757,3717805363,11250388598
2025-06-02 07:03:37,1748865817,3717806394,11250388600
2025-06-02 07:04:37,1748865877,3717807420,11250388602
2025-06-02 07:05:37,1748865937,3717808449,11250388605
2025-06-02 07:06:37,1748865997,3717809471,11250388609
2025-06-02 07:07:37,1748866057,3717810495,11250388612
2025-06-02 07:08:37,1748866117,3717811518,11250388616
2025-06-02 07:09:37,1748866177,3717812540,11250388620
2025-06-02 07:10:37,1748866237,3717813562,11250388623
2025-06-02 07:11:37,1748866297,3717814584,11250388625
2025-06-02 07:12:37,1748866357,3717815607,11250388627
2025-06-02 07:13:37,1748866417,3717816629,11250388629
2025-06-02 07:14:37,1748866477,3717817653,11250388632
2025-06-02 07:15:37,1748866537,3717818676,11250388635
2025-06-02 07:16:37,1748866597,3717819702,11250388638
2025-06-02 07:17:37,1748866657,3717820725,11250388639
2025-06-02 07:18:37,1748866717,3717821749,11250388643
2025-06-02 07:19:37,1748866777,3717822774,11250388644
2025-06-02 07:20:37,1748866837,3717823795,11250388645
2025-06-02 07:21:37,1748866897,3717824820,11250388648
2025-06-02 07:22:37,1748866957,3717825843,11250388650
2025-06-02 07:23:37,1748867017,3717826864,11250388652
2025-06-02 07:24:37,1748867077,3717827888,11250388655
2025-06-02 07:25:37,1748867137,3717828909,11250388658
2025-06-02 07:26:37,1748867197,3717829933,11250388660
2025-06-02 07:27:37,1748867257,3717830954,11250388663
2025-06-02 07:28:37,1748867317,3717831975,11250388665
2025-06-02 07:29:37,1748867377,3717832996,11250388667
2025-06-02 07:30:37,1748867437,3717834019,11250388667
2025-06-02 07:31:37,1748867497,3717835042,11250388667
2025-06-02 07:32:37,1748867557,3717836065,11250388669
2025-06-02 07:33:37,1748867617,3717837087,11250388670
2025-06-02 07:34:37,1748867677,3717838109,11250388671
2025-06-02 07:35:37,1748867737,3717839153,11250392973
2025-06-02 07:36:37,1748867797,3717856516,11250487610
2025-06-02 07:37:37,1748867857,3717876182,11250582372
2025-06-02 07:38:37,1748867917,3717895826,11250677199
2025-06-02 07:39:37,1748867977,3717915466,11250771990
2025-06-02 07:40:37,1748868037,3717935109,11250866863
2025-06-02 07:41:37,1748868097,3717954770,11250961727
2025-06-02 07:42:37,1748868157,3717974410,11251056732
