Time,Relative Humidity [%],Relative Air Pressure [kPa],Wind Direction [deg],Precipitation Type,Wind Measurement Quality [%],Global Radiation [W/m2],Air Temperature [degC],Dew Point [degC],Wind Chill Temperature [degC],Wind Speed [m/s],Precipitation Accumulation [mm],A1,A2,A3,A5,A6,A7,B1,B2,B3,B5,B6,B7,C1,C2,C3,C5,C6,C7,D1,D2,D3,D5,D6,D7,E1,E2,E3,E5,E6,E7,F1,F2,F3,F5,F6,F7,G1,G2,G3,G5,G6,G7,H1,H2,H3,H5,H6,H7,SV1,SV2,SV4,SV5,SV6,Thermostat,SV2 New,SV3 New,IDU Return Air,Bath2 SV,IDU Distributor,IDU CoilInt,IDU CoilOut,IDU CoilIn,ODU CoilOut,ODU CompSuc,ODU CoilInt,ODU CoilIn,ODU CompDis,ODU Coil2,ODU Coil3,BGlobe,Kitchen Pyranometer [V] ,Living Room Pyranometer [V] ,Master Bedroom Pyranometer [V] ,Bedroom 2 Pyranometer [V] ,Bedroom 3 Pyranometer [V] ,Kitchen Irradiance [W/m2] ,Living Room Irradiance [W/m2],Master Bedroom Irradiance [W/m2],Bedroom 2 Irradiance [W/m2],Bedroom 3 Irradiance [W/m2],SV3 RH[%],BR3 RH [%],SV1 RH [%],BR1-SV1 RH [%],MB RH [%],SV2 RH [%],BR1 SV2 RH [%],BR3 SV RH [%],BTH SV RH [%],TstatRH [%],Return RH[%],CO2 [ppm],TVOC[ug/m3]
8/21/2024 6:01:19 PM,39.600000,101.210000,175.600000,0.000000,100.000000,0.000000,38.400000,22.200000,45.000000,1.700000,0.000000,27.206328,29.626846,52.932169,25.472471,27.179245,52.813919,25.232586,26.501690,37.978220,24.924441,25.351629,36.888085,24.347848,25.252695,39.033758,25.587116,25.808084,27.111852,38.164031,25.012448,25.698287,37.751990,24.580835,25.563573,37.157255,26.059770,26.488904,37.459502,25.426080,25.580928,37.565780,23.749211,38.980994,26.205420,27.266283,39.327866,26.104838,26.752889,37.329034,25.218753,25.678554,39.736608,27.068959,27.680694,51.232694,26.897970,28.061809,50.657047,24.021367,24.651671,23.180266,23.132755,22.925898,23.576696,23.560644,21.125562,22.078700,17.884826,16.666445,14.971840,15.524879,30.582678,42.109441,32.396635,43.280982,61.119241,68.457843,53.773311,40.988383,25.855328,-3.511846,-4.000106,-3.259513,-2.632456,-1.931898,-3911.846325,-4400.106276,-3659.513428,-3032.455583,-2331.897555,44.801862,48.576697,44.178193,44.769037,44.801862,269.453691,58.095847,389.526113,49.331664,49.988097,50.283579,558.470855,104.567971
8/21/2024 6:01:49 PM,39.600000,101.210000,175.600000,0.000000,100.000000,0.000000,38.400000,22.200000,45.000000,1.700000,0.000000,27.214921,29.628603,52.873103,25.504391,27.177142,52.746191,25.234130,26.500040,37.971489,24.922557,25.350661,36.884908,24.372518,25.253554,39.018600,25.577470,25.831751,27.117928,38.170193,25.028152,25.695933,37.753926,24.585112,25.558935,37.159861,26.048294,26.494532,37.451857,25.426695,25.584511,37.559028,23.789713,38.964484,26.201470,27.264618,39.294717,26.105905,26.755778,37.305559,25.224850,25.674828,39.724337,27.069114,27.676075,51.166912,26.892888,28.044017,50.607259,24.413687,24.945843,23.344366,23.414797,23.137832,23.871308,23.665462,22.598582,22.049971,18.124343,16.786780,15.113868,15.590696,29.720261,42.111454,33.135460,43.299930,59.118972,67.355595,53.786893,40.994990,25.881437,-5.801560,-5.530192,-4.578276,-3.794696,-3.048853,-6201.560277,-5930.192371,-4978.275755,-4194.695716,-3448.853362,44.276667,48.511048,43.456051,44.539264,44.112544,311.666148,57.308056,448.183662,49.495787,50.447642,51.038546,559.980788,125.149031
8/21/2024 6:02:19 PM,39.600000,101.210000,175.600000,0.000000,100.000000,0.000000,38.400000,22.200000,45.000000,1.700000,0.000000,27.253779,29.644172,52.836300,25.545445,27.226700,52.732948,25.260354,26.513204,37.974329,24.938966,25.360658,36.882847,24.403139,25.279320,39.027210,25.592487,25.830807,27.110840,38.160594,25.011431,25.687455,37.731180,24.584623,25.546572,37.135304,26.043472,26.472848,37.436897,25.414785,25.564385,37.534491,23.804351,38.946144,26.195643,27.262444,39.275946,26.110798,26.766813,37.299864,25.225409,25.674017,39.695156,27.070582,27.681633,51.119075,26.893217,28.042074,50.546776,24.860757,25.192940,23.519602,23.645267,23.332647,24.085521,23.852268,22.390093,22.026486,18.427452,16.877495,15.285219,15.672549,28.945376,42.152497,33.787147,43.362566,57.390226,66.339999,53.828708,41.021751,25.908891,-4.299691,-4.423069,-4.146125,-3.650646,-3.027525,-4699.691043,-4823.068909,-4546.125084,-4050.645927,-3427.524859,44.506440,48.478223,44.473615,43.718648,45.885075,249.824567,58.982113,401.933811,49.298840,50.578941,48.609522,559.980788,138.049122
8/21/2024 6:02:49 PM,39.600000,101.210000,175.600000,0.000000,100.000000,0.000000,38.400000,22.200000,45.000000,1.700000,0.000000,27.263908,29.647684,52.794683,25.583241,27.239559,52.688512,25.261385,26.514687,37.970436,24.938854,25.360775,36.883184,24.425690,25.282864,39.014440,25.587123,25.846907,27.109827,38.148032,25.018644,25.691004,37.725511,24.598249,25.554461,37.131190,26.047018,26.474340,37.431893,25.408742,25.559714,37.528151,23.840002,38.929408,26.197163,27.253721,39.247675,26.111634,26.779037,37.294885,25.232874,25.678507,39.678444,27.054343,27.664733,51.073884,26.866724,28.013372,50.504358,24.879384,25.473148,23.656834,23.778338,23.483696,24.408965,24.021479,21.908546,22.004501,18.756205,16.907607,15.326172,15.726295,28.227500,42.281052,34.306013,43.422878,55.798507,65.396132,53.860471,41.026823,25.937040,-0.888773,-1.023634,-1.442328,-1.577517,-1.388842,-1288.772557,-1423.633939,-1842.327664,-1977.517185,-1788.842492,43.718648,48.281275,43.521700,44.473615,45.524004,252.483362,57.997373,398.224632,47.854555,50.808714,49.988157,560.834228,155.479014
8/21/2024 6:03:19 PM,39.600000,101.210000,175.600000,0.000000,100.000000,0.000000,38.400000,22.200000,45.000000,1.700000,0.000000,27.275102,29.654974,52.756239,25.608632,27.250300,52.669092,25.275369,26.514505,37.946884,24.950103,25.359906,36.862257,24.444276,25.301646,38.985828,25.576435,25.878021,27.108992,38.143657,25.021692,25.687200,37.723581,24.606106,25.560704,37.125244,26.038426,26.478064,37.419935,25.388945,25.549971,37.510625,23.872394,38.929610,26.213106,27.255749,39.231225,26.136704,26.792456,37.287732,25.253192,25.690130,39.661121,27.067981,27.672442,51.036986,26.878091,28.018805,50.461121,25.086283,25.555575,23.806282,23.989155,23.633198,24.591356,24.251195,21.835799,21.999189,19.065849,16.937825,15.395236,15.795532,27.574831,42.756609,34.783660,43.487180,54.379673,64.565325,53.910961,41.031266,25.990982,-0.574752,-0.651535,-0.862194,-0.906820,-0.712239,-974.752222,-1051.534630,-1262.194036,-1306.819701,-1112.238667,43.390401,48.018678,43.554525,44.933160,45.589653,202.097559,59.802729,357.128231,49.003418,50.283519,50.743124,563.394548,178.915818
8/21/2024 6:03:49 PM,39.600000,101.210000,175.600000,0.000000,100.000000,0.000000,38.400000,22.200000,45.000000,1.700000,0.000000,27.294855,29.678252,52.739332,25.644209,27.270509,52.647640,25.292920,26.523806,37.938828,24.943658,25.372200,36.865785,24.477651,25.317139,38.978011,25.588723,25.910476,27.119741,38.139255,25.037746,25.689076,37.712717,24.620572,25.574684,37.123509,26.048058,26.473099,37.413967,25.372090,25.545454,37.492849,23.912778,38.920321,26.209501,27.256019,39.201736,26.142221,26.808898,37.259242,25.252778,25.690858,39.639422,27.056415,27.660436,51.008173,26.860143,28.002717,50.436403,25.208377,25.586674,23.921831,24.121381,23.747414,24.716780,24.373046,22.768248,21.984046,19.403577,16.939497,15.419783,15.861092,26.970289,42.936748,35.244340,43.627632,53.131187,63.759309,53.953800,41.078952,26.024158,-0.427094,-0.486813,-0.590502,-0.532423,-0.284029,-827.093728,-886.813388,-990.502460,-932.423456,-684.029029,43.029330,47.723256,42.832382,44.178193,45.720952,215.818254,59.540132,356.209142,47.624782,50.349168,49.988157,561.425071,207.473267
8/21/2024 6:04:19 PM,39.600000,101.210000,175.600000,0.000000,100.000000,0.000000,38.400000,22.200000,45.000000,1.700000,0.000000,27.328370,29.685791,52.736153,25.690624,27.301522,52.648786,25.320178,26.541194,37.942011,24.963162,25.388259,36.858043,24.510449,25.343025,38.972301,25.602036,25.932921,27.123237,38.140893,25.052917,25.690757,37.715693,24.629121,25.578420,37.111549,26.037190,26.466344,37.396442,25.378797,25.536858,37.484463,23.962127,38.907186,26.219507,27.277381,39.199044,26.168194,26.829825,37.264342,25.271716,25.707953,39.627415,27.057525,27.662454,50.980159,26.858521,28.001099,50.423779,25.295374,25.597341,24.061528,24.280024,23.861265,24.780079,24.477820,22.571277,21.968563,19.742801,16.945477,15.474786,15.924201,26.404767,43.050178,35.658414,43.732197,52.024185,63.012365,53.936722,41.104152,26.079514,-0.436938,-0.482548,-0.574424,-0.521595,-0.285670,-836.937628,-882.547698,-974.424092,-921.595166,-685.669679,43.029330,47.099588,42.733908,44.211018,44.900336,169.633995,60.032502,319.150160,47.723256,50.283519,50.185105,565.035779,228.743642
8/21/2024 6:04:49 PM,39.600000,101.210000,175.600000,0.000000,100.000000,0.000000,38.400000,22.200000,45.000000,1.700000,0.000000,27.345715,29.692637,52.713067,25.716476,27.315228,52.634996,25.339196,26.531221,37.922697,24.962759,25.375521,36.842925,24.523778,25.349934,38.953027,25.601177,25.957636,27.121943,38.118488,25.051617,25.684437,37.695719,24.629193,25.574610,37.101362,26.029277,26.450689,37.372443,25.361050,25.518203,37.454229,23.997943,38.890422,26.228070,27.262261,39.166302,26.181775,26.830178,37.243733,25.270699,25.700316,39.611563,27.048089,27.641207,50.968128,26.845665,27.977368,50.415645,25.263536,25.621697,24.157657,23.332400,23.990200,24.844502,24.594002,18.607085,22.509377,16.745327,11.176956,10.862177,10.409182,39.852595,44.555059,26.428626,44.704397,75.152845,82.472425,53.935207,41.727882,26.134413,-0.400843,-0.435625,-0.489438,-0.408390,-0.141949,-800.843326,-835.625108,-889.438428,-808.390317,-541.948691,42.668259,47.887379,42.208714,44.539264,45.031634,104.608378,55.207278,236.202348,45.917900,50.020922,45.064459,568.646487,273.943187
8/21/2024 6:05:19 PM,39.600000,101.210000,175.600000,0.000000,100.000000,0.000000,38.400000,22.200000,45.000000,1.700000,0.000000,27.363133,29.715856,52.706052,25.764085,27.331737,52.648743,25.367653,26.556189,37.913472,24.965174,25.396438,36.831895,24.566701,25.373821,38.945598,25.611352,26.006599,27.146434,38.134199,25.081701,25.713339,37.701643,24.662277,25.587306,37.097927,26.066142,26.475669,37.387509,25.361872,25.531586,37.468623,24.049857,38.886366,26.240782,27.287460,39.157807,26.194945,26.855628,37.251033,25.291663,25.719435,39.579556,27.051674,27.647743,50.975016,26.841052,27.966404,50.422540,25.242397,25.578881,24.112418,22.309258,23.972900,24.723842,24.477856,15.773160,22.967107,15.126324,12.595826,9.121895,13.018508,41.119334,42.531242,20.951826,44.384874,79.096969,83.474328,53.876839,41.439290,26.167703,-0.325045,-0.358843,-0.363437,-0.237435,0.077899,-725.045287,-758.842682,-763.436502,-637.434557,-322.101451,42.175889,46.836990,42.471311,42.733908,44.211018,175.214183,57.472179,302.901976,45.983549,49.627026,44.539264,567.989995,329.482492
8/21/2024 6:05:49 PM,39.600000,101.210000,175.600000,0.000000,100.000000,0.000000,38.400000,22.200000,45.000000,1.700000,0.000000,27.391944,29.731170,52.698839,25.794819,27.349857,52.648017,25.392930,26.582086,37.913838,24.989329,25.404809,36.833600,24.593622,25.409834,38.942853,25.625884,26.028496,27.133228,38.135751,25.088325,25.710594,37.688720,24.668221,25.583191,37.085881,26.064312,26.466775,37.361874,25.356613,25.525186,37.447895,24.081465,38.870531,26.254860,27.304009,39.145978,26.228179,26.901341,37.258553,25.321305,25.725081,39.562191,27.040686,27.647228,50.970185,26.836208,27.960890,50.416618,25.311487,25.580106,24.073560,21.902409,23.892094,24.586647,24.291592,15.165170,23.143732,14.641153,11.401564,9.056201,14.300678,39.809097,42.739063,19.208549,44.427621,78.983277,82.347630,53.800551,41.454617,26.209467,-0.326030,-0.358515,-0.365405,-0.244982,0.060508,-726.029677,-758.514552,-765.405283,-644.981549,-339.492355,42.011766,47.033938,41.913292,42.340012,43.652999,122.333687,54.879031,250.382586,45.688127,50.152220,44.375141,568.252592,364.933109
8/21/2024 6:06:19 PM,39.400000,101.210000,146.900000,0.000000,100.000000,0.000000,38.600000,22.300000,44.900000,2.000000,0.000000,27.396125,29.720163,52.682701,25.811795,27.364958,52.619334,25.402611,26.586046,37.896112,24.989186,25.401468,36.815835,24.610642,25.417916,38.920054,25.624144,26.049944,27.160316,38.112612,25.088786,25.712196,37.684938,24.678292,25.587990,37.085885,26.063176,26.476124,37.352071,25.350448,25.522907,37.434752,24.101857,38.867542,26.285312,27.317331,39.134108,26.247688,26.939494,37.252656,25.335824,25.738218,39.540789,27.064031,27.656220,50.966398,26.838383,27.955561,50.430421,25.354567,25.447313,24.015726,21.881825,23.802609,24.481043,24.160500,14.704159,23.220516,14.236473,11.522212,8.900838,13.535221,40.002129,42.536077,19.690103,44.332020,78.910287,82.270137,53.738625,41.387156,26.255662,-0.406093,-0.449407,-0.505189,-0.443828,-0.211512,-806.093406,-849.406568,-905.188667,-843.828358,-611.512278,42.471311,46.574393,41.650694,43.127804,44.145368,214.045724,55.732472,354.338140,46.016374,49.889623,45.195757,570.353367,350.162019
8/21/2024 6:06:49 PM,39.400000,101.210000,146.900000,0.000000,100.000000,0.000000,38.600000,22.300000,44.900000,2.000000,0.000000,27.412992,29.742381,52.680138,25.826664,27.383874,52.606821,25.416579,26.595878,37.889243,25.019628,25.423660,36.816761,24.633557,25.439193,38.921197,25.652946,26.068472,27.160593,38.126680,25.108265,25.731878,37.678304,24.705108,25.603111,37.079020,26.085124,26.485974,37.351228,25.353924,25.522271,37.417195,24.109923,38.850228,26.270508,27.313253,39.106142,26.259107,26.933135,37.249775,25.347950,25.743714,39.510405,27.049706,27.639866,50.949925,26.827013,27.942854,50.410238,25.241929,25.143429,23.878250,21.935913,23.580460,24.370258,24.015046,14.501249,23.210426,14.097720,11.459847,8.785077,14.053719,40.014107,42.955663,20.293909,44.544740,79.347685,82.791485,53.696860,41.574015,26.276981,-0.317170,-0.348999,-0.345717,-0.225622,0.069367,-717.170165,-748.998781,-745.717480,-625.621873,-330.632838,42.110240,46.672867,41.716344,41.847642,43.587349,138.089516,55.371401,260.459745,46.804166,49.561377,44.112544,572.454143,315.302244
8/21/2024 6:07:19 PM,39.400000,101.210000,146.900000,0.000000,100.000000,0.000000,38.600000,22.300000,44.900000,2.000000,0.000000,27.416072,29.738655,52.659710,25.837286,27.403788,52.587472,25.421956,26.593950,37.880903,25.019066,25.421499,36.811080,24.649468,25.449138,38.913541,25.664029,26.086702,27.166264,38.132225,25.122875,25.739164,37.682295,24.723391,25.619304,37.076549,26.073472,26.492109,37.348981,25.358475,25.534128,37.420297,24.107156,38.833354,26.272119,27.315315,39.076617,26.275767,26.956603,37.228388,25.353220,25.761762,39.482014,27.043802,27.644883,50.954278,26.833860,27.934689,50.404604,25.021463,24.956301,23.773837,22.409362,23.453274,24.269618,23.835494,14.350276,23.167610,13.974706,11.579041,8.682410,14.089164,40.371659,42.733778,20.660809,44.571784,79.570193,83.003272,53.652963,41.591320,26.297200,-0.326686,-0.358186,-0.363765,-0.252857,0.029007,-726.685937,-758.186422,-763.764632,-652.856671,-370.992860,43.259103,47.559133,41.158325,43.029330,44.801862,112.847365,54.813382,232.525990,46.640042,49.101831,44.473615,572.191546,276.601983
8/21/2024 6:07:49 PM,39.400000,101.210000,146.900000,0.000000,100.000000,0.000000,38.600000,22.300000,44.900000,2.000000,0.000000,27.421959,29.754701,52.648006,25.859626,27.411041,52.580741,25.429696,26.615343,37.885330,25.030012,25.442030,36.808823,24.675066,25.471496,38.913293,25.686833,26.087956,27.171839,38.107411,25.124817,25.745440,37.669487,24.718243,25.616677,37.061272,26.068794,26.491766,37.330815,25.359273,25.530130,37.403248,24.096732,38.811821,26.268493,27.311015,39.055095,26.268949,26.959814,37.222615,25.358954,25.766579,39.451188,27.053614,27.644906,50.938894,26.819307,27.939938,50.413532,24.850634,24.659857,23.664238,21.649182,23.313084,24.153033,23.720866,14.247094,23.106077,13.870504,11.543723,8.555433,14.250604,40.260201,42.781605,20.868185,44.510900,79.753039,83.175636,53.658639,41.617282,26.310908,-0.404453,-0.443172,-0.495345,-0.440219,-0.223981,-804.452756,-843.172098,-895.344768,-840.218928,-623.981222,43.291927,47.362185,41.256799,43.160629,44.145368,129.949005,55.995069,246.082560,46.738516,49.627026,45.491179,569.696875,248.635381
8/21/2024 6:08:19 PM,39.400000,101.210000,146.900000,0.000000,100.000000,0.000000,38.600000,22.300000,44.900000,2.000000,0.000000,27.411851,29.736945,52.630393,25.860211,27.412306,52.565073,25.432566,26.617522,37.862078,25.028770,25.438961,36.800024,24.680457,25.487384,38.902532,25.690842,26.080954,27.183971,38.098133,25.134030,25.750532,37.648840,24.723117,25.621770,37.047513,26.066811,26.481352,37.316618,25.358887,25.525176,37.394402,24.082371,38.805929,26.277496,27.316130,39.037211,26.272024,26.953093,37.208008,25.365918,25.779243,39.427325,27.049854,27.640923,50.949197,26.824427,27.950273,50.406034,24.779713,24.738539,23.545669,21.791443,23.166657,24.049707,23.607815,14.141550,23.041323,13.775880,11.500400,8.513719,14.165886,40.318898,42.995617,21.030281,44.554784,79.942590,83.412381,53.632532,41.638159,26.310838,-0.309295,-0.338827,-0.330623,-0.214137,0.067070,-709.295044,-738.826749,-730.623498,-614.137319,-332.929750,43.423226,47.263711,41.092675,42.668259,44.604914,137.301725,55.174453,248.905478,47.099588,49.003357,45.392705,569.696875,221.456569
8/21/2024 6:08:49 PM,39.400000,101.210000,146.900000,0.000000,100.000000,0.000000,38.600000,22.300000,44.900000,2.000000,0.000000,27.419236,29.755840,52.638280,25.877205,27.436524,52.580747,25.448204,26.626514,37.869083,25.047851,25.455514,36.809276,24.704814,25.511243,38.913077,25.718116,26.072266,27.181903,38.094998,25.134238,25.750513,37.649266,24.735221,25.620837,37.047048,26.072494,26.482244,37.322617,25.360923,25.529723,37.389257,24.069981,38.790589,26.276350,27.300425,39.010328,26.253320,26.935554,37.189052,25.362943,25.772846,39.394470,27.041198,27.634097,50.930965,26.818955,27.937315,50.402988,24.728590,24.695647,23.491431,22.217679,23.097684,23.894017,23.534320,14.080823,22.961999,13.723771,11.582891,8.413376,14.200402,40.513939,42.900739,21.155808,44.643186,80.069252,83.495744,53.616382,41.698544,26.322738,-0.330952,-0.361796,-0.370327,-0.271232,-0.008400,-730.951628,-761.795852,-770.327233,-671.231956,-408.399707,43.685823,47.526308,41.355273,42.602609,44.407966,119.937488,55.601173,237.285561,47.887379,49.331604,45.359881,570.419016,204.223627
8/21/2024 6:09:19 PM,39.400000,101.210000,146.900000,0.000000,100.000000,0.000000,38.600000,22.300000,44.900000,2.000000,0.000000,27.393003,29.745581,52.632588,25.871883,27.432130,52.574406,25.442649,26.622568,37.846525,25.040920,25.457040,36.789792,24.698107,25.505004,38.893010,25.722837,26.057316,27.188154,38.084196,25.127944,25.757238,37.638678,24.729608,25.619345,37.036224,26.060966,26.485312,37.307341,25.354175,25.536452,37.375320,24.050386,38.776418,26.280279,27.317997,39.004604,26.267054,26.946081,37.190442,25.382642,25.787279,39.379650,27.065608,27.643244,50.942516,26.834495,27.960999,50.420197,24.578550,24.495705,23.387571,21.478681,22.978583,23.778097,23.456160,14.029150,22.886271,13.690094,11.608593,8.306780,14.303395,40.424952,42.586820,21.181215,44.472164,80.119782,83.491151,53.564016,41.605602,26.313818,-0.317826,-0.348343,-0.350968,-0.247278,0.018179,-717.826426,-748.342520,-750.967561,-647.278459,-381.821158,44.112544,47.493483,41.781993,43.029330,44.112544,115.177915,55.207278,225.698467,47.395009,49.430078,45.261407,571.469404,188.861688
8/21/2024 6:09:49 PM,39.400000,101.210000,146.900000,0.000000,100.000000,0.000000,38.600000,22.300000,44.900000,2.000000,0.000000,27.380607,29.731660,52.619072,25.865837,27.429971,52.590738,25.433629,26.622684,37.823259,25.043779,25.461267,36.781204,24.700968,25.523847,38.898011,25.732084,26.049760,27.179023,38.082167,25.133631,25.749678,37.629073,24.729352,25.614294,37.031513,26.062307,26.473661,37.306199,25.367170,25.542591,37.379973,24.037987,38.765004,26.274725,27.305629,38.984531,26.261500,26.938941,37.175647,25.382789,25.786056,39.356707,27.052779,27.652712,50.944391,26.842841,27.963417,50.432500,24.384351,24.476142,23.329418,21.387348,22.904535,23.797014,23.326894,13.994630,22.821395,13.627437,11.567536,8.245985,14.376966,40.228113,42.616269,21.223053,44.429793,80.066109,83.510010,53.522734,41.577446,26.291599,-0.324389,-0.358186,-0.367374,-0.273201,-0.020212,-724.389027,-758.186422,-767.374063,-673.200736,-420.212395,44.440790,47.493483,41.158325,42.733908,44.703388,120.922228,55.305752,220.085456,48.117152,49.167481,45.294231,572.782389,173.302802
8/21/2024 6:10:19 PM,39.400000,101.210000,146.900000,0.000000,100.000000,0.000000,38.600000,22.300000,44.900000,2.000000,0.000000,27.355960,29.711435,52.608833,25.854577,27.426708,52.578984,25.413678,26.608707,37.827190,25.043244,25.459590,36.764169,24.704093,25.515319,38.887048,25.750953,26.031302,27.178133,38.070391,25.128623,25.756546,37.622410,24.722967,25.608834,37.022835,26.046359,26.476188,37.295297,25.376557,25.541012,37.387347,24.041215,38.760999,26.266740,27.305170,38.964756,26.261723,26.898859,37.165386,25.368392,25.781030,39.327179,27.058465,27.647933,50.936358,26.836915,27.961140,50.434884,24.330456,24.459339,23.261635,21.789569,22.845188,23.777437,23.259340,13.917748,22.770538,13.550493,11.536375,8.198000,14.219435,40.224920,42.424272,21.263519,44.413495,80.063400,83.391710,53.480448,41.573839,26.287947,-0.383452,-0.425125,-0.470407,-0.416922,-0.213809,-783.452435,-825.124947,-870.406888,-816.921697,-613.809189,44.375141,47.230886,41.158325,42.733908,44.276667,154.403363,55.535524,262.199450,47.723256,49.791149,45.720952,572.519792,165.424885
8/21/2024 6:10:49 PM,39.400000,101.210000,146.900000,0.000000,100.000000,0.000000,38.600000,22.300000,44.900000,2.000000,0.000000,27.358372,29.707723,52.595337,25.870690,27.439129,52.588848,25.424095,26.617959,37.829552,25.058470,25.470692,36.772783,24.707434,25.529160,38.903402,25.775743,26.033709,27.181444,38.072071,25.132177,25.753248,37.617186,24.733845,25.599141,37.029872,26.055153,26.474490,37.290293,25.387419,25.554840,37.380561,24.050275,38.744021,26.280788,27.290291,38.945563,26.235182,26.882829,37.149691,25.361449,25.778201,39.293126,27.062701,27.649435,50.914357,26.842064,27.966959,50.430890,24.241068,24.380965,23.192471,21.490599,22.796637,23.698949,23.213356,13.848821,22.682693,13.487136,11.485919,8.092870,14.233150,40.066371,42.280322,21.280024,44.290264,79.964468,83.335087,53.368926,41.453879,26.265700,-0.319139,-0.344077,-0.343421,-0.243341,0.010304,-719.138946,-744.076830,-743.420570,-643.340898,-389.696284,44.506440,47.230886,41.158325,43.324752,43.554525,106.545033,55.108804,206.134988,47.788905,49.955273,45.786601,572.322844,153.804957
8/21/2024 6:11:19 PM,39.200000,101.210000,176.400000,0.000000,100.000000,0.000000,38.700000,22.300000,45.400000,2.900000,0.000000,27.332450,29.693021,52.546898,25.860434,27.430499,52.542355,25.404920,26.603162,37.807521,25.041567,25.459514,36.761639,24.695323,25.520495,38.886974,25.773703,26.014948,27.185033,38.055328,25.133724,25.755706,37.612234,24.729674,25.615757,37.018446,26.061944,26.477628,37.296260,25.401301,25.559583,37.390984,24.023418,38.729031,26.269057,27.286777,38.915249,26.235993,26.886143,37.142903,25.363632,25.777187,39.260169,27.065559,27.650016,50.887136,26.841051,27.976400,50.402992,24.158513,24.395736,23.123506,21.734353,22.692693,23.591305,23.203608,13.828806,22.644213,13.467574,11.461563,8.076631,14.226020,39.960743,42.275582,21.286136,44.274299,79.930994,83.374251,53.292078,41.466360,26.250837,-0.394281,-0.432672,-0.481235,-0.435625,-0.242685,-794.280726,-832.671938,-881.235178,-835.625108,-642.684638,43.981245,47.132412,41.716344,42.799557,44.375141,83.994499,54.944680,184.109660,48.248451,50.316344,46.508744,572.519792,143.957560
8/21/2024 6:11:49 PM,39.200000,101.210000,176.400000,0.000000,100.000000,0.000000,38.700000,22.300000,45.400000,2.900000,0.000000,27.340761,29.702876,52.525813,25.855078,27.437444,52.510022,25.415321,26.608751,37.809420,25.056090,25.468086,36.761312,24.695902,25.531807,38.895312,25.800758,26.010012,27.195812,38.042945,25.137236,25.759441,37.606969,24.726783,25.623375,37.015850,26.046058,26.474064,37.286310,25.405268,25.571769,37.392848,24.016857,38.704608,26.259279,27.280205,38.891280,26.226442,26.866358,37.113719,25.348580,25.771508,39.225559,27.059440,27.653908,50.832040,26.840851,27.974610,50.360226,24.158669,24.279815,23.096117,21.961220,22.610362,23.552477,23.167961,13.761051,22.595196,13.416173,11.439362,8.037899,14.134689,39.946483,42.281912,21.287446,44.215636,80.011707,83.480068,53.225197,41.415582,26.230160,-0.333249,-0.373609,-0.383781,-0.301420,-0.069432,-733.248538,-773.608534,-783.780565,-701.419922,-469.431925,43.948420,46.541568,42.143064,42.471311,44.014070,114.882493,56.060719,204.559406,47.756081,49.922448,46.246146,571.928949,139.821653
8/21/2024 6:12:19 PM,39.200000,101.210000,176.400000,0.000000,100.000000,0.000000,38.700000,22.300000,45.400000,2.900000,0.000000,27.330749,29.679329,52.473243,25.844121,27.428116,52.450310,25.408466,26.601230,37.801848,25.048316,25.462146,36.752607,24.688808,25.521528,38.877536,25.788202,25.980774,27.180758,38.030003,25.123259,25.748450,37.591342,24.715997,25.610097,37.006004,26.045568,26.467193,37.281373,25.392441,25.556663,37.386575,24.001473,38.693214,26.259220,27.286972,38.863892,26.229119,26.858327,37.115891,25.357430,25.776241,39.194636,27.058925,27.653394,50.773165,26.861516,27.988637,50.300646,24.142578,24.287084,23.061624,21.676433,22.600193,23.552418,23.230787,13.743426,22.536076,13.386815,11.453661,7.983524,14.169263,39.950861,42.341217,21.268952,44.243310,80.071160,83.532216,53.176384,41.426525,26.213379,-0.393296,-0.431359,-0.474344,-0.425453,-0.231200,-793.296335,-831.359418,-874.344448,-825.453077,-631.200085,44.637738,46.443094,42.044590,43.094979,43.587349,113.733630,56.290491,199.898308,47.427834,49.856799,46.213322,572.060247,134.405585
8/21/2024 6:12:49 PM,39.200000,101.210000,176.400000,0.000000,100.000000,0.000000,38.700000,22.300000,45.400000,2.900000,0.000000,27.337056,29.697831,52.432292,25.860262,27.450344,52.405895,25.411601,26.616434,37.801341,25.049167,25.476015,36.756339,24.693778,25.532427,38.866587,25.791791,25.969365,27.168011,38.009748,25.120744,25.746166,37.588891,24.721258,25.616946,37.005780,26.057429,26.468559,37.276914,25.394039,25.565340,37.382339,23.974894,38.668109,26.249883,27.265140,38.836573,26.215449,26.863578,37.096949,25.347391,25.761873,39.146017,27.074873,27.656362,50.713268,26.856063,27.988195,50.233089,24.164417,24.239305,22.998568,21.855611,22.531100,23.528647,23.230408,13.705798,22.499842,13.348454,11.467866,7.930235,14.133541,39.953155,41.996725,21.275484,44.055652,79.985238,83.344278,53.103985,41.298459,26.196419,-0.370983,-0.406093,-0.433328,-0.370983,-0.161636,-770.983493,-806.093406,-833.328198,-770.983493,-561.636500,44.670563,46.902640,41.585045,43.226278,44.440790,97.551079,56.093543,192.611240,47.263711,49.397253,46.180497,575.277060,125.247505
8/21/2024 6:13:19 PM,39.200000,101.210000,176.400000,0.000000,100.000000,0.000000,38.700000,22.300000,45.400000,2.900000,0.000000,27.326999,29.688276,52.378804,25.840359,27.433465,52.340935,25.392822,26.607045,37.787044,25.043634,25.465462,36.734647,24.678631,25.514338,38.844765,25.773256,25.946397,27.172868,37.990236,25.120364,25.740081,37.578273,24.708067,25.610631,36.990020,26.039028,26.464306,37.267850,25.398229,25.572497,37.367706,23.947476,38.643316,26.244745,27.250456,38.804677,26.208258,26.844326,37.069847,25.325107,25.751708,39.105701,27.068377,27.655786,50.654103,26.858901,27.985802,50.188212,24.132758,24.202384,22.935143,21.873972,22.524384,23.652654,23.241372,13.713007,22.497952,13.362466,11.412731,7.843587,14.302651,39.708939,41.761678,21.272207,43.857040,79.677257,83.082892,53.069274,41.110386,26.170855,-0.381156,-0.417250,-0.447766,-0.390343,-0.188215,-781.155524,-817.249827,-847.765918,-790.343165,-588.215040,44.375141,47.099588,41.814818,43.062155,44.079719,179.054666,55.896595,275.198000,48.412574,49.725500,46.016374,574.489269,121.013124
8/21/2024 6:13:49 PM,39.200000,101.210000,176.400000,0.000000,100.000000,0.000000,38.700000,22.300000,45.400000,2.900000,0.000000,27.341941,29.687976,52.332209,25.839601,27.426340,52.298665,25.387951,26.598995,37.779846,25.047903,25.461504,36.735468,24.668032,25.518147,38.830471,25.770214,25.921440,27.164135,37.989040,25.104279,25.733832,37.570616,24.697687,25.603695,36.983469,26.030046,26.457155,37.257067,25.387178,25.557796,37.355588,23.937537,38.628899,26.233832,27.255268,38.772709,26.183433,26.807918,37.042673,25.321942,25.755165,39.057094,27.067045,27.648544,50.601812,26.869183,28.000603,50.138046,24.088050,24.372701,22.946584,21.474453,22.527791,23.585429,23.218153,13.640583,22.477455,13.287877,11.315926,7.906180,14.087813,39.556041,42.104382,21.278619,44.054662,79.866159,83.397996,52.977756,41.218178,26.158641,-0.380499,-0.417578,-0.446782,-0.388703,-0.186903,-780.499264,-817.577957,-846.781528,-788.702515,-586.902520,44.539264,47.132412,41.092675,42.471311,44.079719,98.864065,55.929420,179.350087,48.149977,49.200305,45.655303,576.196149,117.074165
8/21/2024 6:14:19 PM,39.200000,101.210000,176.400000,0.000000,100.000000,0.000000,38.700000,22.300000,45.400000,2.900000,0.000000,27.325094,29.692266,52.288267,25.827493,27.431561,52.248660,25.390910,26.597617,37.770928,25.046978,25.460351,36.735903,24.660929,25.514253,38.812683,25.769518,25.896672,27.149673,37.960872,25.100498,25.724577,37.551336,24.681320,25.596721,36.972642,26.036310,26.446547,37.238444,25.369692,25.556988,37.345883,23.912436,38.604702,26.225431,27.238920,38.747630,26.170469,26.826403,37.048284,25.316723,25.735342,39.025144,27.059796,27.650854,50.561677,26.863298,27.985417,50.092659,23.990259,24.023251,22.957179,21.742990,22.493347,23.588443,23.198678,13.654672,22.510585,13.323310,11.446621,7.904553,14.112887,39.771482,42.305709,21.347548,44.098313,80.201516,83.782065,52.941115,41.257389,26.137221,-0.299779,-0.328327,-0.310608,-0.201340,0.055914,-699.779272,-728.326587,-710.607564,-601.340245,-344.086179,43.291927,47.099588,41.059851,43.554525,43.817122,77.856289,56.290491,153.451448,47.230886,49.101831,46.180497,575.211411,108.211508
8/21/2024 6:14:49 PM,39.200000,101.210000,176.400000,0.000000,100.000000,0.000000,38.700000,22.300000,45.400000,2.900000,0.000000,27.325504,29.693127,52.268096,25.837947,27.434473,52.212471,25.384925,26.611016,37.766430,25.037331,25.463504,36.734520,24.647155,25.503474,38.805084,25.778375,25.899089,27.155271,37.941860,25.092633,25.727681,37.554810,24.679854,25.585211,36.974336,26.041009,26.447366,37.233449,25.380794,25.546619,37.354485,23.913489,38.577451,26.218914,27.234465,38.723943,26.185390,26.837887,37.029645,25.311337,25.732927,38.991696,27.061259,27.651405,50.523985,26.859068,27.985513,50.059063,23.809373,24.340376,22.885685,21.941085,22.473733,23.528052,23.148108,13.662324,22.504303,13.341516,11.458546,7.874343,14.251799,39.954797,42.561554,21.368668,44.195534,80.443045,83.972661,52.892290,41.368289,26.132481,-0.369999,-0.405765,-0.434641,-0.374265,-0.169183,-769.999103,-805.765276,-834.640718,-774.264794,-569.183493,44.506440,47.395009,41.289623,43.357577,44.178193,92.463258,55.962245,177.676031,47.493483,49.692675,45.852251,574.751866,108.014560
8/21/2024 6:15:19 PM,39.200000,101.210000,176.400000,0.000000,100.000000,0.000000,38.700000,22.300000,45.400000,2.900000,0.000000,27.336779,29.695970,52.243111,25.827804,27.437329,52.180772,25.381626,26.594053,37.760318,25.035629,25.451754,36.733975,24.630123,25.490583,38.780318,25.764579,25.884861,27.151549,37.938443,25.086153,25.723720,37.536463,24.674283,25.582620,36.966451,26.032032,26.456404,37.232925,25.367921,25.544712,37.347052,23.905388,38.570629,26.203251,27.227710,38.706454,26.167901,26.817233,37.011204,25.299985,25.726151,38.956222,27.055867,27.648521,50.506029,26.867338,27.979223,50.034353,23.756906,24.410225,22.882035,21.195402,22.459046,23.534957,23.001671,13.648293,22.507085,13.339901,11.478108,7.798203,14.360834,40.053474,41.982486,21.385050,44.018034,80.295112,83.702704,52.845260,41.218765,26.125980,-0.311920,-0.344405,-0.338827,-0.244325,-0.003478,-711.920085,-744.404960,-738.826749,-644.325289,-403.477753,44.473615,46.311796,41.781993,43.193453,45.130108,147.871259,56.388965,227.700770,47.657607,49.200305,44.834686,577.968678,104.469497
8/21/2024 6:15:49 PM,39.200000,101.210000,176.400000,0.000000,100.000000,0.000000,38.700000,22.300000,45.400000,2.900000,0.000000,27.327149,29.682086,52.215552,25.822708,27.427247,52.155591,25.381551,26.590105,37.743098,25.021152,25.441401,36.711140,24.607167,25.467440,38.749576,25.741906,25.872199,27.140059,37.921417,25.087642,25.714478,37.533905,24.668224,25.569721,36.956083,26.025990,26.450367,37.227913,25.366897,25.538664,37.340258,23.888090,38.550370,26.194330,27.212208,38.684645,26.157155,26.816751,37.002256,25.303385,25.722471,38.933979,27.062669,27.647357,50.484721,26.863440,27.983513,50.016504,23.644543,24.463991,22.846869,21.746595,22.463617,23.493648,23.011058,13.659511,22.484074,13.330966,11.416879,7.747630,14.436350,39.682680,41.557428,21.362215,43.708178,79.858539,83.124339,52.791919,40.977621,26.116812,-0.391984,-0.429063,-0.473032,-0.431359,-0.249247,-791.983815,-829.062508,-873.031928,-831.359418,-649.247240,44.014070,47.263711,41.749168,43.062155,44.736212,139.927696,55.338576,229.965669,47.985853,49.462903,45.983549,577.771731,102.893913
8/21/2024 6:16:19 PM,39.700000,101.210000,136.200000,0.000000,100.000000,0.000000,38.600000,22.400000,44.300000,2.100000,0.000000,27.330300,29.680014,52.203614,25.819706,27.412426,52.122653,25.374663,26.584146,37.735938,25.019745,25.438168,36.693922,24.596835,25.453700,38.733984,25.732283,25.858044,27.137550,37.911616,25.072549,25.716984,37.534122,24.653118,25.572456,36.952954,26.026212,26.443524,37.216537,25.365063,25.543682,37.330223,23.873188,38.526289,26.187418,27.196890,38.651900,26.146365,26.797776,36.980552,25.283207,25.709389,38.886143,27.057591,27.643194,50.455987,26.849933,27.967311,49.985569,23.620208,24.439927,22.837652,21.901241,22.444049,23.412647,22.991742,13.620123,22.456002,13.290378,11.344337,7.786518,14.338789,39.318266,41.806630,21.432221,43.794845,79.768334,83.159727,52.708136,40.986162,26.106222,-0.308311,-0.340139,-0.333249,-0.238091,-0.000853,-708.310654,-740.139269,-733.248538,-638.090817,-400.852711,43.620174,46.869815,41.552220,43.652999,43.160629,55.174453,56.323316,126.239820,47.985853,49.823974,45.589653,578.231275,106.045080
8/21/2024 6:16:49 PM,39.700000,101.210000,136.200000,0.000000,100.000000,0.000000,38.600000,22.400000,44.300000,2.100000,0.000000,27.344487,29.695037,52.187890,25.809289,27.420014,52.100431,25.375887,26.594710,37.743590,25.039031,25.441219,36.703152,24.588908,25.451727,38.724285,25.730311,25.857704,27.151778,37.892806,25.071752,25.712991,37.524433,24.666276,25.576455,36.950169,26.027013,26.445236,37.225123,25.370206,25.546539,37.333903,23.862305,38.521988,26.179586,27.193172,38.638931,26.145146,26.802482,36.974677,25.272161,25.706343,38.855404,27.059790,27.636978,50.433108,26.854182,27.970869,49.962887,23.655205,24.415807,22.833663,21.826126,22.452469,23.375169,22.917949,13.580208,22.409482,13.221125,11.322824,7.735408,14.121349,39.430502,41.528807,21.428681,43.657999,79.580141,82.916096,52.670268,40.899303,26.090386,-0.316514,-0.347686,-0.349327,-0.261388,-0.031041,-716.513905,-747.686260,-749.326911,-661.388053,-431.040692,44.243842,47.198061,41.486571,43.357577,44.867511,84.880764,56.060719,163.955333,48.149977,49.101831,45.885075,575.867903,94.228203
8/21/2024 6:17:19 PM,39.700000,101.210000,136.200000,0.000000,100.000000,0.000000,38.600000,22.400000,44.300000,2.100000,0.000000,27.308993,29.663113,52.145461,25.787605,27.398631,52.066656,25.369033,26.569871,37.710405,24.998564,25.423402,36.680610,24.561675,25.426828,38.688276,25.707253,25.825801,27.129065,37.878605,25.058999,25.704365,37.500640,24.638411,25.556179,36.940848,26.011092,26.428872,37.205329,25.358146,25.534484,37.320131,23.845852,38.503764,26.164543,27.175429,38.606706,26.131699,26.780397,36.959965,25.265773,25.686719,38.824304,27.042498,27.634941,50.395324,26.846904,27.964971,49.932895,23.618190,24.168876,22.826904,21.864004,22.444555,23.425998,22.911650,13.509110,22.360875,13.168967,11.240070,7.750969,14.058995,39.306101,42.140557,21.437335,43.850116,79.852585,83.459600,52.615217,41.051910,26.087568,-0.318155,-0.352280,-0.358186,-0.276154,-0.052369,-718.154556,-752.280081,-758.186422,-676.153907,-452.369155,43.849946,47.624782,42.110240,43.062155,44.769037,97.682378,56.454615,162.740821,47.427834,49.528552,45.195757,576.327448,89.501452
