date,DNI(W/m2),precipitation,rain,snowfall,snow_depth
2024-06-01 00:00:00+00:00,173.45871,0,0,0,0
2024-06-01 01:00:00+00:00,0,0,0,0,0
2024-06-01 02:00:00+00:00,0,0,0,0,0
2024-06-01 03:00:00+00:00,0,0,0,0,0
2024-06-01 04:00:00+00:00,0,0,0,0,0
2024-06-01 05:00:00+00:00,0,0,0,0,0
2024-06-01 06:00:00+00:00,0,0,0,0,0
2024-06-01 07:00:00+00:00,0,0,0,0,0
2024-06-01 08:00:00+00:00,0,0,0,0,0
2024-06-01 09:00:00+00:00,0,0,0,0,0
2024-06-01 10:00:00+00:00,0,0,0,0,0
2024-06-01 11:00:00+00:00,0,0,0,0,0
2024-06-01 12:00:00+00:00,54.46118,0,0,0,0
2024-06-01 13:00:00+00:00,306.76944,0,0,0,0
2024-06-01 14:00:00+00:00,285.7236,0,0,0,0
2024-06-01 15:00:00+00:00,631.88403,0,0,0,0
2024-06-01 16:00:00+00:00,706.34686,0.3,0.3,0,0
2024-06-01 17:00:00+00:00,588.80035,0.3,0.3,0,0
2024-06-01 18:00:00+00:00,563.45654,0.4,0.4,0,0
2024-06-01 19:00:00+00:00,748.013,0.1,0.1,0,0
2024-06-01 20:00:00+00:00,614.48566,0.1,0.1,0,0
2024-06-01 21:00:00+00:00,399.39648,0.1,0.1,0,0
2024-06-01 22:00:00+00:00,143.65018,2.2,2.2,0,0
2024-06-01 23:00:00+00:00,343.95233,0.1,0.1,0,0
2024-06-02 00:00:00+00:00,316.40866,0,0,0,0
2024-06-02 01:00:00+00:00,23.096025,0,0,0,0
2024-06-02 02:00:00+00:00,0,0,0,0,0
2024-06-02 03:00:00+00:00,0,0,0,0,0
2024-06-02 04:00:00+00:00,0,0,0,0,0
2024-06-02 05:00:00+00:00,0,0,0,0,0
2024-06-02 06:00:00+00:00,0,0,0,0,0
2024-06-02 07:00:00+00:00,0,0,0,0,0
2024-06-02 08:00:00+00:00,0,0,0,0,0
2024-06-02 09:00:00+00:00,0,0,0,0,0
2024-06-02 10:00:00+00:00,0,0,0,0,0
2024-06-02 11:00:00+00:00,0,0,0,0,0
2024-06-02 12:00:00+00:00,0,0,0,0,0
2024-06-02 13:00:00+00:00,4.637511,0,0,0,0
2024-06-02 14:00:00+00:00,47.583916,0.1,0.1,0,0
2024-06-02 15:00:00+00:00,377.3599,0,0,0,0
2024-06-02 16:00:00+00:00,578.988,0,0,0,0
2024-06-02 17:00:00+00:00,241.08685,0.1,0.1,0,0
2024-06-02 18:00:00+00:00,444.2457,4.9,4.9,0,0
2024-06-02 19:00:00+00:00,202.64584,0.4,0.4,0,0
2024-06-02 20:00:00+00:00,194.94048,0,0,0,0
2024-06-02 21:00:00+00:00,16.101105,0,0,0,0
2024-06-02 22:00:00+00:00,2.7070172,0,0,0,0
2024-06-02 23:00:00+00:00,164.62589,0,0,0,0
2024-06-03 00:00:00+00:00,58.28441,0,0,0,0
2024-06-03 01:00:00+00:00,0,0,0,0,0
2024-06-03 02:00:00+00:00,0,0.2,0.2,0,0
2024-06-03 03:00:00+00:00,0,0,0,0,0
2024-06-03 04:00:00+00:00,0,0,0,0,0
2024-06-03 05:00:00+00:00,0,0,0,0,0
2024-06-03 06:00:00+00:00,0,0,0,0,0
2024-06-03 07:00:00+00:00,0,0,0,0,0
2024-06-03 08:00:00+00:00,0,0,0,0,0
2024-06-03 09:00:00+00:00,0,0,0,0,0
2024-06-03 10:00:00+00:00,0,0,0,0,0
2024-06-03 11:00:00+00:00,0,0,0,0,0
2024-06-03 12:00:00+00:00,0,0,0,0,0
2024-06-03 13:00:00+00:00,134.23906,0.1,0.1,0,0
2024-06-03 14:00:00+00:00,456.53912,0.1,0.1,0,0
2024-06-03 15:00:00+00:00,401.87723,0.1,0.1,0,0
2024-06-03 16:00:00+00:00,489.35327,0.1,0.1,0,0
2024-06-03 17:00:00+00:00,289.2688,0,0,0,0
2024-06-03 18:00:00+00:00,414.13657,0,0,0,0
2024-06-03 19:00:00+00:00,583.4363,0.1,0.1,0,0
2024-06-03 20:00:00+00:00,325.78366,0,0,0,0
2024-06-03 21:00:00+00:00,530.9153,0,0,0,0
2024-06-03 22:00:00+00:00,485.309,0.1,0.1,0,0
2024-06-03 23:00:00+00:00,221.97612,7.2,7.2,0,0
2024-06-04 00:00:00+00:00,0,8.7,8.7,0,0
2024-06-04 01:00:00+00:00,0,0,0,0,0
2024-06-04 02:00:00+00:00,0,0,0,0,0
2024-06-04 03:00:00+00:00,0,0,0,0,0
2024-06-04 04:00:00+00:00,0,3.8,3.8,0,0
2024-06-04 05:00:00+00:00,0,1,1,0,0
2024-06-04 06:00:00+00:00,0,0,0,0,0
2024-06-04 07:00:00+00:00,0,0.1,0.1,0,0
2024-06-04 08:00:00+00:00,0,0,0,0,0
2024-06-04 09:00:00+00:00,0,0,0,0,0
2024-06-04 10:00:00+00:00,0,0,0,0,0
2024-06-04 11:00:00+00:00,0,0,0,0,0
2024-06-04 12:00:00+00:00,32.4163,0,0,0,0
2024-06-04 13:00:00+00:00,328.17624,0,0,0,0
2024-06-04 14:00:00+00:00,2.376848,0,0,0,0
2024-06-04 15:00:00+00:00,270.6178,0,0,0,0
2024-06-04 16:00:00+00:00,288.14413,0.1,0.1,0,0
2024-06-04 17:00:00+00:00,668.18134,0,0,0,0
2024-06-04 18:00:00+00:00,329.1859,0,0,0,0
2024-06-04 19:00:00+00:00,394.91815,0,0,0,0
2024-06-04 20:00:00+00:00,622.97546,0.2,0.2,0,0
2024-06-04 21:00:00+00:00,594.80164,0.2,0.2,0,0
2024-06-04 22:00:00+00:00,411.80325,0.1,0.1,0,0
2024-06-04 23:00:00+00:00,554.71216,0,0,0,0
2024-06-05 00:00:00+00:00,562.91785,0,0,0,0
2024-06-05 01:00:00+00:00,302.23175,0,0,0,0
2024-06-05 02:00:00+00:00,0,0,0,0,0
2024-06-05 03:00:00+00:00,0,0,0,0,0
2024-06-05 04:00:00+00:00,0,0,0,0,0
2024-06-05 05:00:00+00:00,0,0,0,0,0
2024-06-05 06:00:00+00:00,0,0,0,0,0
2024-06-05 07:00:00+00:00,0,0,0,0,0
2024-06-05 08:00:00+00:00,0,0,0,0,0
2024-06-05 09:00:00+00:00,0,0,0,0,0
2024-06-05 10:00:00+00:00,0,0,0,0,0
2024-06-05 11:00:00+00:00,0,0,0,0,0
2024-06-05 12:00:00+00:00,10.7868805,0,0,0,0
2024-06-05 13:00:00+00:00,0,0.1,0.1,0,0
2024-06-05 14:00:00+00:00,335.05786,0,0,0,0
2024-06-05 15:00:00+00:00,201.72792,0,0,0,0
2024-06-05 16:00:00+00:00,225.84464,0,0,0,0
2024-06-05 17:00:00+00:00,262.3303,0,0,0,0
2024-06-05 18:00:00+00:00,634.4792,0,0,0,0
2024-06-05 19:00:00+00:00,638.7801,0,0,0,0
2024-06-05 20:00:00+00:00,778.60535,0,0,0,0
2024-06-05 21:00:00+00:00,775.62555,0,0,0,0
2024-06-05 22:00:00+00:00,686.4025,0,0,0,0
2024-06-05 23:00:00+00:00,677.23285,0,0,0,0
2024-06-06 00:00:00+00:00,555.7119,0,0,0,0
2024-06-06 01:00:00+00:00,278.29666,0,0,0,0
2024-06-06 02:00:00+00:00,13.844311,0,0,0,0
2024-06-06 03:00:00+00:00,0,0,0,0,0
2024-06-06 04:00:00+00:00,0,0,0,0,0
2024-06-06 05:00:00+00:00,0,0,0,0,0
2024-06-06 06:00:00+00:00,0,0,0,0,0
2024-06-06 07:00:00+00:00,0,0,0,0,0
2024-06-06 08:00:00+00:00,0,0,0,0,0
2024-06-06 09:00:00+00:00,0,0,0,0,0
2024-06-06 10:00:00+00:00,0,0,0,0,0
2024-06-06 11:00:00+00:00,0,0,0,0,0
2024-06-06 12:00:00+00:00,64.639694,0,0,0,0
2024-06-06 13:00:00+00:00,433.71188,0,0,0,0
2024-06-06 14:00:00+00:00,634.4282,0,0,0,0
2024-06-06 15:00:00+00:00,744.6405,0,0,0,0
2024-06-06 16:00:00+00:00,807.3857,0,0,0,0
2024-06-06 17:00:00+00:00,843.04846,0,0,0,0
2024-06-06 18:00:00+00:00,866.23737,0,0,0,0
2024-06-06 19:00:00+00:00,869.36633,0,0,0,0
2024-06-06 20:00:00+00:00,859.8295,0,0,0,0
2024-06-06 21:00:00+00:00,838.091,0,0,0,0
2024-06-06 22:00:00+00:00,801.41095,0,0,0,0
2024-06-06 23:00:00+00:00,731.52563,0,0,0,0
2024-06-07 00:00:00+00:00,608.66376,0,0,0,0
2024-06-07 01:00:00+00:00,394.45618,0,0,0,0
2024-06-07 02:00:00+00:00,27.25755,0,0,0,0
2024-06-07 03:00:00+00:00,0,0,0,0,0
2024-06-07 04:00:00+00:00,0,0,0,0,0
2024-06-07 05:00:00+00:00,0,0,0,0,0
2024-06-07 06:00:00+00:00,0,0,0,0,0
2024-06-07 07:00:00+00:00,0,0,0,0,0
2024-06-07 08:00:00+00:00,0,0,0,0,0
2024-06-07 09:00:00+00:00,0,0,0,0,0
2024-06-07 10:00:00+00:00,0,0,0,0,0
2024-06-07 11:00:00+00:00,0,0,0,0,0
2024-06-07 12:00:00+00:00,53.821434,0,0,0,0
2024-06-07 13:00:00+00:00,424.33112,0,0,0,0
2024-06-07 14:00:00+00:00,615.4739,0,0,0,0
2024-06-07 15:00:00+00:00,725.07416,0,0,0,0
2024-06-07 16:00:00+00:00,786.71606,0,0,0,0
2024-06-07 17:00:00+00:00,822.90436,0,0,0,0
2024-06-07 18:00:00+00:00,841.3325,0,0,0,0
2024-06-07 19:00:00+00:00,845.885,0,0,0,0
2024-06-07 20:00:00+00:00,832.2541,0,0,0,0
2024-06-07 21:00:00+00:00,807.67523,0,0,0,0
2024-06-07 22:00:00+00:00,765.4836,0,0,0,0
2024-06-07 23:00:00+00:00,691.97864,0,0,0,0
2024-06-08 00:00:00+00:00,567.56665,0,0,0,0
2024-06-08 01:00:00+00:00,357.7313,0,0,0,0
2024-06-08 02:00:00+00:00,13.490684,0,0,0,0
2024-06-08 03:00:00+00:00,0,0,0,0,0
2024-06-08 04:00:00+00:00,0,0,0,0,0
2024-06-08 05:00:00+00:00,0,0,0,0,0
2024-06-08 06:00:00+00:00,0,0,0,0,0
2024-06-08 07:00:00+00:00,0,0,0,0,0
2024-06-08 08:00:00+00:00,0,0,0,0,0
2024-06-08 09:00:00+00:00,0,0,0,0,0
2024-06-08 10:00:00+00:00,0,0,0,0,0
2024-06-08 11:00:00+00:00,0,0,0,0,0
2024-06-08 12:00:00+00:00,53.798832,0,0,0,0
2024-06-08 13:00:00+00:00,428.93073,0,0,0,0
2024-06-08 14:00:00+00:00,627.5049,0,0,0,0
2024-06-08 15:00:00+00:00,738.3785,0,0,0,0
2024-06-08 16:00:00+00:00,801.14124,0,0,0,0
2024-06-08 17:00:00+00:00,840.90906,0,0,0,0
2024-06-08 18:00:00+00:00,865.08716,0,0,0,0
2024-06-08 19:00:00+00:00,859.8592,0,0,0,0
2024-06-08 20:00:00+00:00,850.699,0,0,0,0
2024-06-08 21:00:00+00:00,834.5572,0,0,0,0
2024-06-08 22:00:00+00:00,790.1234,0,0,0,0
2024-06-08 23:00:00+00:00,701.07214,0,0,0,0
2024-06-09 00:00:00+00:00,563.1083,0,0,0,0
2024-06-09 01:00:00+00:00,371.5692,0,0,0,0
2024-06-09 02:00:00+00:00,13.357081,0,0,0,0
2024-06-09 03:00:00+00:00,0,0,0,0,0
2024-06-09 04:00:00+00:00,0,0,0,0,0
2024-06-09 05:00:00+00:00,0,0,0,0,0
2024-06-09 06:00:00+00:00,0,0,0,0,0
2024-06-09 07:00:00+00:00,0,0,0,0,0
2024-06-09 08:00:00+00:00,0,0,0,0,0
2024-06-09 09:00:00+00:00,0,0,0,0,0
2024-06-09 10:00:00+00:00,0,0,0,0,0
2024-06-09 11:00:00+00:00,0,0,0,0,0
2024-06-09 12:00:00+00:00,53.79806,0,0,0,0
2024-06-09 13:00:00+00:00,401.37616,0,0,0,0
2024-06-09 14:00:00+00:00,608.72046,0,0,0,0
2024-06-09 15:00:00+00:00,594.17847,0.1,0.1,0,0
2024-06-09 16:00:00+00:00,548.07153,0.1,0.1,0,0
2024-06-09 17:00:00+00:00,718.77783,0,0,0,0
2024-06-09 18:00:00+00:00,769.8626,0,0,0,0
2024-06-09 19:00:00+00:00,820.2384,0,0,0,0
2024-06-09 20:00:00+00:00,796.0162,0,0,0,0
2024-06-09 21:00:00+00:00,780.1913,0,0,0,0
2024-06-09 22:00:00+00:00,712.7163,0,0,0,0
2024-06-09 23:00:00+00:00,599.5748,0,0,0,0
2024-06-10 00:00:00+00:00,499.2282,0,0,0,0
2024-06-10 01:00:00+00:00,357.75253,0,0,0,0
2024-06-10 02:00:00+00:00,13.231094,0,0,0,0
2024-06-10 03:00:00+00:00,0,0,0,0,0
2024-06-10 04:00:00+00:00,0,0,0,0,0
2024-06-10 05:00:00+00:00,0,0,0,0,0
2024-06-10 06:00:00+00:00,0,0,0,0,0
2024-06-10 07:00:00+00:00,0,0,0,0,0
2024-06-10 08:00:00+00:00,0,0,0,0,0
2024-06-10 09:00:00+00:00,0,0,0,0,0
2024-06-10 10:00:00+00:00,0,0,0,0,0
2024-06-10 11:00:00+00:00,0,0,0,0,0
2024-06-10 12:00:00+00:00,53.817856,0,0,0,0
2024-06-10 13:00:00+00:00,147.72139,0.7,0.7,0,0
2024-06-10 14:00:00+00:00,197.46011,0,0,0,0
2024-06-10 15:00:00+00:00,489.32755,0,0,0,0
2024-06-10 16:00:00+00:00,602.7877,0,0,0,0
2024-06-10 17:00:00+00:00,540.5633,1.8,1.8,0,0
2024-06-10 18:00:00+00:00,679.83295,0,0,0,0
2024-06-10 19:00:00+00:00,752.3341,0,0,0,0
2024-06-10 20:00:00+00:00,417.68536,0,0,0,0
2024-06-10 21:00:00+00:00,648.1805,0,0,0,0
2024-06-10 22:00:00+00:00,740.07874,0,0,0,0
2024-06-10 23:00:00+00:00,676.1246,0.4,0.4,0,0
2024-06-11 00:00:00+00:00,551.83215,0.8,0.8,0,0
2024-06-11 01:00:00+00:00,224.01816,0,0,0,0
2024-06-11 02:00:00+00:00,13.11341,0,0,0,0
2024-06-11 03:00:00+00:00,0,0,0,0,0
2024-06-11 04:00:00+00:00,0,0,0,0,0
2024-06-11 05:00:00+00:00,0,0,0,0,0
2024-06-11 06:00:00+00:00,0,0,0,0,0
2024-06-11 07:00:00+00:00,0,0,0,0,0
2024-06-11 08:00:00+00:00,0,0,0,0,0
2024-06-11 09:00:00+00:00,0,0,0,0,0
2024-06-11 10:00:00+00:00,0,0,0,0,0
2024-06-11 11:00:00+00:00,0,0,0,0,0
2024-06-11 12:00:00+00:00,53.85757,0,0,0,0
2024-06-11 13:00:00+00:00,397.35706,0,0,0,0
2024-06-11 14:00:00+00:00,587.99994,0,0,0,0
2024-06-11 15:00:00+00:00,624.27075,0,0,0,0
2024-06-11 16:00:00+00:00,682.2548,0,0,0,0
2024-06-11 17:00:00+00:00,670.77454,0,0,0,0
2024-06-11 18:00:00+00:00,699.5026,0,0,0,0
2024-06-11 19:00:00+00:00,639.9816,0,0,0,0
2024-06-11 20:00:00+00:00,663.85956,0,0,0,0
2024-06-11 21:00:00+00:00,640.88654,0,0,0,0
2024-06-11 22:00:00+00:00,554.4584,0.3,0.3,0,0
2024-06-11 23:00:00+00:00,110.19685,4.8,4.8,0,0
2024-06-12 00:00:00+00:00,0,0.6,0.6,0,0
2024-06-12 01:00:00+00:00,10.851527,0,0,0,0
2024-06-12 02:00:00+00:00,0,0,0,0,0
2024-06-12 03:00:00+00:00,0,0,0,0,0
2024-06-12 04:00:00+00:00,0,0,0,0,0
2024-06-12 05:00:00+00:00,0,0,0,0,0
2024-06-12 06:00:00+00:00,0,0,0,0,0
2024-06-12 07:00:00+00:00,0,0,0,0,0
2024-06-12 08:00:00+00:00,0,0,0,0,0
2024-06-12 09:00:00+00:00,0,0,0,0,0
2024-06-12 10:00:00+00:00,0,0,0,0,0
2024-06-12 11:00:00+00:00,0,0,0,0,0
2024-06-12 12:00:00+00:00,10.783188,0.1,0.1,0,0
2024-06-12 13:00:00+00:00,249.79703,0,0,0,0
2024-06-12 14:00:00+00:00,304.94522,0,0,0,0
2024-06-12 15:00:00+00:00,604.8851,0,0,0,0
2024-06-12 16:00:00+00:00,392.603,0.1,0.1,0,0
2024-06-12 17:00:00+00:00,356.7718,0.2,0.2,0,0
2024-06-12 18:00:00+00:00,197.64717,0.1,0.1,0,0
2024-06-12 19:00:00+00:00,573.1659,0.1,0.1,0,0
2024-06-12 20:00:00+00:00,710.56464,0,0,0,0
2024-06-12 21:00:00+00:00,641.60815,0,0,0,0
2024-06-12 22:00:00+00:00,676.9607,0,0,0,0
2024-06-12 23:00:00+00:00,587.8809,0,0,0,0
2024-06-13 00:00:00+00:00,484.50195,0,0,0,0
2024-06-13 01:00:00+00:00,102.40321,0,0,0,0
2024-06-13 02:00:00+00:00,12.892643,0,0,0,0
2024-06-13 03:00:00+00:00,0,0,0,0,0
2024-06-13 04:00:00+00:00,0,0,0,0,0
2024-06-13 05:00:00+00:00,0,0,0,0,0
2024-06-13 06:00:00+00:00,0,0,0,0,0
2024-06-13 07:00:00+00:00,0,0,0,0,0
2024-06-13 08:00:00+00:00,0,0,0,0,0
2024-06-13 09:00:00+00:00,0,0,0,0,0
2024-06-13 10:00:00+00:00,0,0,0,0,0
2024-06-13 11:00:00+00:00,0,0,0,0,0
2024-06-13 12:00:00+00:00,43.194168,0,0,0,0
2024-06-13 13:00:00+00:00,389.1355,0,0,0,0
2024-06-13 14:00:00+00:00,598.5042,0,0,0,0
2024-06-13 15:00:00+00:00,712.1567,0,0,0,0
2024-06-13 16:00:00+00:00,785.52423,0,0,0,0
2024-06-13 17:00:00+00:00,744.0054,0.1,0.1,0,0
2024-06-13 18:00:00+00:00,684.04034,0,0,0,0
2024-06-13 19:00:00+00:00,685.2797,0,0,0,0
2024-06-13 20:00:00+00:00,707.18286,0,0,0,0
2024-06-13 21:00:00+00:00,687.98126,0,0,0,0
2024-06-13 22:00:00+00:00,646.87244,0,0,0,0
2024-06-13 23:00:00+00:00,655.58276,0,0,0,0
2024-06-14 00:00:00+00:00,552.18475,0,0,0,0
2024-06-14 01:00:00+00:00,380.2446,0,0,0,0
2024-06-14 02:00:00+00:00,25.586945,0,0,0,0
2024-06-14 03:00:00+00:00,0,0,0,0,0
2024-06-14 04:00:00+00:00,0,0,0,0,0
2024-06-14 05:00:00+00:00,0,0,0,0,0
2024-06-14 06:00:00+00:00,0,0,0,0,0
2024-06-14 07:00:00+00:00,0,0,0,0,0
2024-06-14 08:00:00+00:00,0,0,0,0,0
2024-06-14 09:00:00+00:00,0,0,0,0,0
2024-06-14 10:00:00+00:00,0,0,0,0,0
2024-06-14 11:00:00+00:00,0,0,0,0,0
2024-06-14 12:00:00+00:00,54.08824,0,0,0,0
2024-06-14 13:00:00+00:00,399.07825,0,0,0,0
2024-06-14 14:00:00+00:00,606.25366,0,0,0,0
2024-06-14 15:00:00+00:00,722.5044,0,0,0,0
2024-06-14 16:00:00+00:00,629.7377,0,0,0,0
2024-06-14 17:00:00+00:00,721.7439,0,0,0,0
2024-06-14 18:00:00+00:00,772.0584,0,0,0,0
2024-06-14 19:00:00+00:00,751.89874,0,0,0,0
2024-06-14 20:00:00+00:00,821.6411,0,0,0,0
2024-06-14 21:00:00+00:00,712.6504,0,0,0,0
2024-06-14 22:00:00+00:00,654.2555,0,0,0,0
2024-06-14 23:00:00+00:00,656.2862,0,0,0,0
2024-06-15 00:00:00+00:00,599.1715,0,0,0,0
2024-06-15 01:00:00+00:00,377.97018,0,0,0,0
2024-06-15 02:00:00+00:00,25.400543,0,0,0,0
2024-06-15 03:00:00+00:00,0,0,0,0,0
2024-06-15 04:00:00+00:00,0,0,0,0,0
2024-06-15 05:00:00+00:00,0,0,0,0,0
2024-06-15 06:00:00+00:00,0,0,0,0,0
2024-06-15 07:00:00+00:00,0,0,0,0,0
2024-06-15 08:00:00+00:00,0,0,0,0,0
2024-06-15 09:00:00+00:00,0,0,0,0,0
2024-06-15 10:00:00+00:00,0,0,0,0,0
2024-06-15 11:00:00+00:00,0,0,0,0,0
2024-06-15 12:00:00+00:00,54.20029,0,0,0,0
2024-06-15 13:00:00+00:00,432.40195,0,0,0,0
2024-06-15 14:00:00+00:00,633.19617,0,0,0,0
2024-06-15 15:00:00+00:00,742.7866,0,0,0,0
2024-06-15 16:00:00+00:00,786.24335,0,0,0,0
2024-06-15 17:00:00+00:00,812.88666,0,0,0,0
2024-06-15 18:00:00+00:00,813.5277,0,0,0,0
2024-06-15 19:00:00+00:00,825.58936,0,0,0,0
2024-06-15 20:00:00+00:00,813.0426,0,0,0,0
2024-06-15 21:00:00+00:00,820.49994,0,0,0,0
2024-06-15 22:00:00+00:00,712.3438,0,0,0,0
2024-06-15 23:00:00+00:00,552.6607,0,0,0,0
2024-06-16 00:00:00+00:00,363.6903,0,0,0,0
2024-06-16 01:00:00+00:00,391.7272,0,0,0,0
2024-06-16 02:00:00+00:00,25.227118,0,0,0,0
2024-06-16 03:00:00+00:00,0,0,0,0,0
2024-06-16 04:00:00+00:00,0,0,0,0,0
2024-06-16 05:00:00+00:00,0,0,0,0,0
2024-06-16 06:00:00+00:00,0,0,0,0,0
2024-06-16 07:00:00+00:00,0,0,0,0,0
2024-06-16 08:00:00+00:00,0,0,0,0,0
2024-06-16 09:00:00+00:00,0,0,0,0,0
2024-06-16 10:00:00+00:00,0,0,0,0,0
2024-06-16 11:00:00+00:00,0,0,0,0,0
2024-06-16 12:00:00+00:00,54.328335,0,0,0,0
2024-06-16 13:00:00+00:00,391.40683,0,0,0,0
2024-06-16 14:00:00+00:00,612.41315,0,0,0,0
2024-06-16 15:00:00+00:00,695.5581,0,0,0,0
2024-06-16 16:00:00+00:00,751.4752,0,0,0,0
2024-06-16 17:00:00+00:00,836.71155,0,0,0,0
2024-06-16 18:00:00+00:00,864.3346,0,0,0,0
2024-06-16 19:00:00+00:00,871.99817,0,0,0,0
2024-06-16 20:00:00+00:00,858.653,0,0,0,0
2024-06-16 21:00:00+00:00,601.3709,0,0,0,0
2024-06-16 22:00:00+00:00,506.46432,0,0,0,0
2024-06-16 23:00:00+00:00,444.24716,0,0,0,0
2024-06-17 00:00:00+00:00,497.31033,0,0,0,0
2024-06-17 01:00:00+00:00,321.21637,0,0,0,0
2024-06-17 02:00:00+00:00,25.066906,0,0,0,0
2024-06-17 03:00:00+00:00,0,0,0,0,0
2024-06-17 04:00:00+00:00,0,0,0,0,0
2024-06-17 05:00:00+00:00,0,0,0,0,0
2024-06-17 06:00:00+00:00,0,0,0,0,0
2024-06-17 07:00:00+00:00,0,0,0,0,0
2024-06-17 08:00:00+00:00,0,0.1,0.1,0,0
2024-06-17 09:00:00+00:00,0,0,0,0,0
2024-06-17 10:00:00+00:00,0,0,0,0,0
2024-06-17 11:00:00+00:00,0,0,0,0,0
2024-06-17 12:00:00+00:00,43.577663,0,0,0,0
2024-06-17 13:00:00+00:00,387.67545,0,0,0,0
2024-06-17 14:00:00+00:00,512.5879,0.1,0.1,0,0
2024-06-17 15:00:00+00:00,486.62637,0,0,0,0
2024-06-17 16:00:00+00:00,731.0249,0,0,0,0
2024-06-17 17:00:00+00:00,758.3319,0,0,0,0
2024-06-17 18:00:00+00:00,722.6088,0,0,0,0
2024-06-17 19:00:00+00:00,751.70575,0,0,0,0
2024-06-17 20:00:00+00:00,677.1505,2,2,0,0
2024-06-17 21:00:00+00:00,424.61337,0.1,0.1,0,0
2024-06-17 22:00:00+00:00,552.6526,0.1,0.1,0,0
2024-06-17 23:00:00+00:00,583.5911,0.3,0.3,0,0
2024-06-18 00:00:00+00:00,359.50262,0,0,0,0
2024-06-18 01:00:00+00:00,351.0978,0,0,0,0
2024-06-18 02:00:00+00:00,12.460882,0,0,0,0
2024-06-18 03:00:00+00:00,0,0,0,0,0
2024-06-18 04:00:00+00:00,0,0,0,0,0
2024-06-18 05:00:00+00:00,0,0,0,0,0
2024-06-18 06:00:00+00:00,0,0,0,0,0
2024-06-18 07:00:00+00:00,0,0,0,0,0
2024-06-18 08:00:00+00:00,0,0,0,0,0
2024-06-18 09:00:00+00:00,0,0,0,0,0
2024-06-18 10:00:00+00:00,0,0,0,0,0
2024-06-18 11:00:00+00:00,0,0,0,0,0
2024-06-18 12:00:00+00:00,43.70509,0,0,0,0
2024-06-18 13:00:00+00:00,351.22232,0,0,0,0
2024-06-18 14:00:00+00:00,412.54218,0,0,0,0
2024-06-18 15:00:00+00:00,655.4429,0,0,0,0
2024-06-18 16:00:00+00:00,719.69635,0,0,0,0
2024-06-18 17:00:00+00:00,758.58185,0,0,0,0
2024-06-18 18:00:00+00:00,560.1494,0,0,0,0
2024-06-18 19:00:00+00:00,642.5538,0.7,0.7,0,0
2024-06-18 20:00:00+00:00,587.41125,0.2,0.2,0,0
2024-06-18 21:00:00+00:00,626.9426,0.3,0.3,0,0
2024-06-18 22:00:00+00:00,498.99646,0.1,0.1,0,0
2024-06-18 23:00:00+00:00,536.8616,0,0,0,0
2024-06-19 00:00:00+00:00,462.3569,0,0,0,0
2024-06-19 01:00:00+00:00,219.11153,0.1,0.1,0,0
2024-06-19 02:00:00+00:00,12.3938265,0,0,0,0
2024-06-19 03:00:00+00:00,0,0,0,0,0
2024-06-19 04:00:00+00:00,0,0,0,0,0
2024-06-19 05:00:00+00:00,0,0,0,0,0
2024-06-19 06:00:00+00:00,0,0,0,0,0
2024-06-19 07:00:00+00:00,0,0,0,0,0
2024-06-19 08:00:00+00:00,0,0,0,0,0
2024-06-19 09:00:00+00:00,0,0,0,0,0
2024-06-19 10:00:00+00:00,0,0,0,0,0
2024-06-19 11:00:00+00:00,0,0,0,0,0
2024-06-19 12:00:00+00:00,10.961084,0.2,0.2,0,0
2024-06-19 13:00:00+00:00,131.49045,0.2,0.2,0,0
2024-06-19 14:00:00+00:00,60.04782,0.5,0.5,0,0
2024-06-19 15:00:00+00:00,42.96397,1.7,1.7,0,0
2024-06-19 16:00:00+00:00,1.3045485,0.7,0.7,0,0
2024-06-19 17:00:00+00:00,5.6210637,1.6,1.6,0,0
2024-06-19 18:00:00+00:00,0,2.3,2.3,0,0
2024-06-19 19:00:00+00:00,0,1.8,1.8,0,0
2024-06-19 20:00:00+00:00,15.619104,0.1,0.1,0,0
2024-06-19 21:00:00+00:00,114.86947,0.1,0.1,0,0
2024-06-19 22:00:00+00:00,0,0,0,0,0
2024-06-19 23:00:00+00:00,95.33441,0,0,0,0
2024-06-20 00:00:00+00:00,27.739916,0.4,0.4,0,0
2024-06-20 01:00:00+00:00,0,0.9,0.9,0,0
2024-06-20 02:00:00+00:00,0,1.2,1.2,0,0
2024-06-20 03:00:00+00:00,0,1,1,0,0
2024-06-20 04:00:00+00:00,0,0.1,0.1,0,0
2024-06-20 05:00:00+00:00,0,0.1,0.1,0,0
2024-06-20 06:00:00+00:00,0,0,0,0,0
2024-06-20 07:00:00+00:00,0,0,0,0,0
2024-06-20 08:00:00+00:00,0,0,0,0,0
2024-06-20 09:00:00+00:00,0,0,0,0,0
2024-06-20 10:00:00+00:00,0,0,0,0,0
2024-06-20 11:00:00+00:00,0,0,0,0,0
2024-06-20 12:00:00+00:00,10.998614,0,0,0,0
2024-06-20 13:00:00+00:00,324.9981,0,0,0,0
2024-06-20 14:00:00+00:00,442.6105,0,0,0,0
2024-06-20 15:00:00+00:00,377.1088,0,0,0,0
2024-06-20 16:00:00+00:00,138.36432,0,0,0,0
2024-06-20 17:00:00+00:00,602.79346,0.1,0.1,0,0
2024-06-20 18:00:00+00:00,615.2167,0,0,0,0
2024-06-20 19:00:00+00:00,670.80615,0,0,0,0
2024-06-20 20:00:00+00:00,668.36304,0,0,0,0
2024-06-20 21:00:00+00:00,582.07196,0.8,0.8,0,0
2024-06-20 22:00:00+00:00,397.31607,0.1,0.1,0,0
2024-06-20 23:00:00+00:00,654.74963,0.3,0.3,0,0
2024-06-21 00:00:00+00:00,433.01654,0,0,0,0
2024-06-21 01:00:00+00:00,352.05136,0,0,0,0
2024-06-21 02:00:00+00:00,24.565727,0,0,0,0
2024-06-21 03:00:00+00:00,0,0,0,0,0
2024-06-21 04:00:00+00:00,0,0,0,0,0
2024-06-21 05:00:00+00:00,0,0,0,0,0
2024-06-21 06:00:00+00:00,0,0,0,0,0
2024-06-21 07:00:00+00:00,0,0,0,0,0
2024-06-21 08:00:00+00:00,0,0,0,0,0
2024-06-21 09:00:00+00:00,0,0,0,0,0
2024-06-21 10:00:00+00:00,0,0,0,0,0
2024-06-21 11:00:00+00:00,0,0,0,0,0
2024-06-21 12:00:00+00:00,33.11823,0,0,0,0
2024-06-21 13:00:00+00:00,288.23453,0,0,0,0
2024-06-21 14:00:00+00:00,575.8144,0,0,0,0
2024-06-21 15:00:00+00:00,662.23236,0,0,0,0
2024-06-21 16:00:00+00:00,736.6583,0,0,0,0
2024-06-21 17:00:00+00:00,742.5244,0,0,0,0
2024-06-21 18:00:00+00:00,716.84436,0,0,0,0
2024-06-21 19:00:00+00:00,722.32776,0,0,0,0
2024-06-21 20:00:00+00:00,750.4715,0,0,0,0
2024-06-21 21:00:00+00:00,578.44354,1,1,0,0
2024-06-21 22:00:00+00:00,444.879,0,0,0,0
2024-06-21 23:00:00+00:00,572.569,0,0,0,0
2024-06-22 00:00:00+00:00,525.3435,0.2,0.2,0,0
2024-06-22 01:00:00+00:00,304.45682,0,0,0,0
2024-06-22 02:00:00+00:00,24.471739,0,0,0,0
2024-06-22 03:00:00+00:00,0,0,0,0,0
2024-06-22 04:00:00+00:00,0,0,0,0,0
2024-06-22 05:00:00+00:00,0,0,0,0,0
2024-06-22 06:00:00+00:00,0,0,0,0,0
2024-06-22 07:00:00+00:00,0,0,0,0,0
2024-06-22 08:00:00+00:00,0,0,0,0,0
2024-06-22 09:00:00+00:00,0,0,0,0,0
2024-06-22 10:00:00+00:00,0,0,0,0,0
2024-06-22 11:00:00+00:00,0,0,0,0,0
2024-06-22 12:00:00+00:00,44.339405,0,0,0,0
2024-06-22 13:00:00+00:00,379.35437,0,0,0,0
2024-06-22 14:00:00+00:00,567.15204,0,0,0,0
2024-06-22 15:00:00+00:00,643.0398,0,0,0,0
2024-06-22 16:00:00+00:00,722.7763,0,0,0,0
2024-06-22 17:00:00+00:00,763.0874,0,0,0,0
2024-06-22 18:00:00+00:00,702.48254,0,0,0,0
2024-06-22 19:00:00+00:00,645.55853,0,0,0,0
2024-06-22 20:00:00+00:00,729.53296,0,0,0,0
2024-06-22 21:00:00+00:00,786.1271,0,0,0,0
2024-06-22 22:00:00+00:00,715.3654,0,0,0,0
2024-06-22 23:00:00+00:00,634.84985,0,0,0,0
2024-06-23 00:00:00+00:00,512.0166,0,0,0,0
2024-06-23 01:00:00+00:00,344.68707,0,0,0,0
2024-06-23 02:00:00+00:00,24.387383,0,0,0,0
2024-06-23 03:00:00+00:00,0,0,0,0,0
2024-06-23 04:00:00+00:00,0,0,0,0,0
2024-06-23 05:00:00+00:00,0,0,0,0,0
2024-06-23 06:00:00+00:00,0,0,0,0,0
2024-06-23 07:00:00+00:00,0,0,0,0,0
2024-06-23 08:00:00+00:00,0,0,0,0,0
2024-06-23 09:00:00+00:00,0,0,0,0,0
2024-06-23 10:00:00+00:00,0,0,0,0,0
2024-06-23 11:00:00+00:00,0,0,0,0,0
2024-06-23 12:00:00+00:00,44.543682,0,0,0,0
2024-06-23 13:00:00+00:00,404.6437,0,0,0,0
2024-06-23 14:00:00+00:00,606.90314,0,0,0,0
2024-06-23 15:00:00+00:00,721.7514,0,0,0,0
2024-06-23 16:00:00+00:00,788.6969,0,0,0,0
2024-06-23 17:00:00+00:00,829.85913,0,0,0,0
2024-06-23 18:00:00+00:00,852.90857,0,0,0,0
2024-06-23 19:00:00+00:00,849.65857,0,0,0,0
2024-06-23 20:00:00+00:00,835.55817,0,0,0,0
2024-06-23 21:00:00+00:00,782.45026,0,0,0,0
2024-06-23 22:00:00+00:00,748.11993,0,0,0,0
2024-06-23 23:00:00+00:00,705.52625,0,0,0,0
2024-06-24 00:00:00+00:00,496.26547,0,0,0,0
2024-06-24 01:00:00+00:00,353.9815,0,0,0,0
2024-06-24 02:00:00+00:00,24.309402,0,0,0,0
2024-06-24 03:00:00+00:00,0,0,0,0,0
2024-06-24 04:00:00+00:00,0,0,0,0,0
2024-06-24 05:00:00+00:00,0,0,0,0,0
2024-06-24 06:00:00+00:00,0,0,0,0,0
2024-06-24 07:00:00+00:00,0,0,0,0,0
2024-06-24 08:00:00+00:00,0,0,0,0,0
2024-06-24 09:00:00+00:00,0,0,0,0,0
2024-06-24 10:00:00+00:00,0,0,0,0,0
2024-06-24 11:00:00+00:00,0,0,0,0,0
2024-06-24 12:00:00+00:00,44.76866,0,0,0,0
2024-06-24 13:00:00+00:00,382.4665,0,0,0,0
2024-06-24 14:00:00+00:00,586.3249,0,0,0,0
2024-06-24 15:00:00+00:00,686.0814,0,0,0,0
2024-06-24 16:00:00+00:00,727.7851,0,0,0,0
2024-06-24 17:00:00+00:00,737.8772,0.1,0.1,0,0
2024-06-24 18:00:00+00:00,723.5427,0,0,0,0
2024-06-24 19:00:00+00:00,731.48926,0,0,0,0
2024-06-24 20:00:00+00:00,750.1315,0,0,0,0
2024-06-24 21:00:00+00:00,624.3948,0,0,0,0
2024-06-24 22:00:00+00:00,677.4519,0,0,0,0
2024-06-24 23:00:00+00:00,518.5408,0,0,0,0
2024-06-25 00:00:00+00:00,397.99942,0.2,0.2,0,0
2024-06-25 01:00:00+00:00,322.3759,0,0,0,0
2024-06-25 02:00:00+00:00,24.24012,0,0,0,0
2024-06-25 03:00:00+00:00,0,0,0,0,0
2024-06-25 04:00:00+00:00,0,0,0,0,0
2024-06-25 05:00:00+00:00,0,0,0,0,0
2024-06-25 06:00:00+00:00,0,0,0,0,0
2024-06-25 07:00:00+00:00,0,0,0,0,0
2024-06-25 08:00:00+00:00,0,0,0,0,0
2024-06-25 09:00:00+00:00,0,0,0,0,0
2024-06-25 10:00:00+00:00,0,0,0,0,0
2024-06-25 11:00:00+00:00,0,0,0,0,0
2024-06-25 12:00:00+00:00,0,0,0,0,0
2024-06-25 13:00:00+00:00,336.19992,0,0,0,0
2024-06-25 14:00:00+00:00,407.91467,0,0,0,0
2024-06-25 15:00:00+00:00,550.5709,0,0,0,0
2024-06-25 16:00:00+00:00,693.00885,0,0,0,0
2024-06-25 17:00:00+00:00,738.24866,0,0,0,0
2024-06-25 18:00:00+00:00,751.73,0,0,0,0
2024-06-25 19:00:00+00:00,747.70306,0,0,0,0
2024-06-25 20:00:00+00:00,747.9617,0,0,0,0
2024-06-25 21:00:00+00:00,722.943,0,0,0,0
2024-06-25 22:00:00+00:00,699.633,0,0,0,0
2024-06-25 23:00:00+00:00,653.6022,0,0,0,0
2024-06-26 00:00:00+00:00,530.03217,0.2,0.2,0,0
2024-06-26 01:00:00+00:00,326.74335,0.1,0.1,0,0
2024-06-26 02:00:00+00:00,24.179186,0,0,0,0
2024-06-26 03:00:00+00:00,0,0,0,0,0
2024-06-26 04:00:00+00:00,0,0,0,0,0
2024-06-26 05:00:00+00:00,0,0,0,0,0
2024-06-26 06:00:00+00:00,0,0,0,0,0
2024-06-26 07:00:00+00:00,0,0,0,0,0
2024-06-26 08:00:00+00:00,0,0,0,0,0
2024-06-26 09:00:00+00:00,0,0,0,0,0
2024-06-26 10:00:00+00:00,0,0,0,0,0
2024-06-26 11:00:00+00:00,0,0,0,0,0
2024-06-26 12:00:00+00:00,33.95973,0,0,0,0
2024-06-26 13:00:00+00:00,352.33643,0,0,0,0
2024-06-26 14:00:00+00:00,455.08765,0.1,0.1,0,0
2024-06-26 15:00:00+00:00,594.62585,0.1,0.1,0,0
2024-06-26 16:00:00+00:00,651.64746,0.1,0.1,0,0
2024-06-26 17:00:00+00:00,712.70355,0.1,0.1,0,0
2024-06-26 18:00:00+00:00,686.6026,0.1,0.1,0,0
2024-06-26 19:00:00+00:00,668.9455,0.1,0.1,0,0
2024-06-26 20:00:00+00:00,605.3817,0,0,0,0
2024-06-26 21:00:00+00:00,602.4723,0,0,0,0
2024-06-26 22:00:00+00:00,647.648,0,0,0,0
2024-06-26 23:00:00+00:00,546.5351,0,0,0,0
2024-06-27 00:00:00+00:00,447.0407,0,0,0,0
2024-06-27 01:00:00+00:00,331.1806,0,0,0,0
2024-06-27 02:00:00+00:00,12.063745,0,0,0,0
2024-06-27 03:00:00+00:00,0,0,0,0,0
2024-06-27 04:00:00+00:00,0,0,0,0,0
2024-06-27 05:00:00+00:00,0,0,0,0,0
2024-06-27 06:00:00+00:00,0,0,0,0,0
2024-06-27 07:00:00+00:00,0,0,0,0,0
2024-06-27 08:00:00+00:00,0,0,0,0,0
2024-06-27 09:00:00+00:00,0,0,0,0,0
2024-06-27 10:00:00+00:00,0,0,0,0,0
2024-06-27 11:00:00+00:00,0,0,0,0,0
2024-06-27 12:00:00+00:00,34.172928,0,0,0,0
2024-06-27 13:00:00+00:00,276.5531,0,0,0,0
2024-06-27 14:00:00+00:00,495.21777,0,0,0,0
2024-06-27 15:00:00+00:00,587.13293,0,0,0,0
2024-06-27 16:00:00+00:00,729.6614,0,0,0,0
2024-06-27 17:00:00+00:00,796.5966,0,0,0,0
2024-06-27 18:00:00+00:00,741.79785,0,0,0,0
2024-06-27 19:00:00+00:00,764.00665,0,0,0,0
2024-06-27 20:00:00+00:00,755.1039,0,0,0,0
2024-06-27 21:00:00+00:00,654.4958,0,0,0,0
2024-06-27 22:00:00+00:00,646.0407,0,0,0,0
2024-06-27 23:00:00+00:00,343.2632,0.4,0.4,0,0
2024-06-28 00:00:00+00:00,187.12547,0,0,0,0
2024-06-28 01:00:00+00:00,376.3862,0,0,0,0
2024-06-28 02:00:00+00:00,36.126698,0,0,0,0
2024-06-28 03:00:00+00:00,0,0,0,0,0
2024-06-28 04:00:00+00:00,0,0,0,0,0
2024-06-28 05:00:00+00:00,0,0,0,0,0
2024-06-28 06:00:00+00:00,0,0,0,0,0
2024-06-28 07:00:00+00:00,0,0,0,0,0
2024-06-28 08:00:00+00:00,0,0,0,0,0
2024-06-28 09:00:00+00:00,0,0,0,0,0
2024-06-28 10:00:00+00:00,0,0,0,0,0
2024-06-28 11:00:00+00:00,0,0,0,0,0
2024-06-28 12:00:00+00:00,34.402027,0,0,0,0
2024-06-28 13:00:00+00:00,385.41434,0,0,0,0
2024-06-28 14:00:00+00:00,606.5231,0,0,0,0
2024-06-28 15:00:00+00:00,728.32446,0,0,0,0
2024-06-28 16:00:00+00:00,796.0224,0,0,0,0
2024-06-28 17:00:00+00:00,769.9639,0,0,0,0
2024-06-28 18:00:00+00:00,760.7172,0,0,0,0
2024-06-28 19:00:00+00:00,771.1693,0,0,0,0
2024-06-28 20:00:00+00:00,695.77435,0,0,0,0
2024-06-28 21:00:00+00:00,703.109,0,0,0,0
2024-06-28 22:00:00+00:00,668.2792,0,0,0,0
2024-06-28 23:00:00+00:00,611.76416,0,0,0,0
2024-06-29 00:00:00+00:00,471.15463,0,0,0,0
2024-06-29 01:00:00+00:00,314.90097,0,0,0,0
2024-06-29 02:00:00+00:00,24.051016,0,0,0,0
2024-06-29 03:00:00+00:00,0,0,0,0,0
2024-06-29 04:00:00+00:00,0,0,0,0,0
2024-06-29 05:00:00+00:00,0,0,0,0,0
2024-06-29 06:00:00+00:00,0,0,0,0,0
2024-06-29 07:00:00+00:00,0,0,0,0,0
2024-06-29 08:00:00+00:00,0,0,0,0,0
2024-06-29 09:00:00+00:00,0,0,0,0,0
2024-06-29 10:00:00+00:00,0,0,0,0,0
2024-06-29 11:00:00+00:00,0,0,0,0,0
2024-06-29 12:00:00+00:00,34.644268,0,0,0,0
2024-06-29 13:00:00+00:00,323.86304,0,0,0,0
2024-06-29 14:00:00+00:00,485.51468,0,0,0,0
2024-06-29 15:00:00+00:00,525.3349,0,0,0,0
2024-06-29 16:00:00+00:00,674.5134,0,0,0,0
2024-06-29 17:00:00+00:00,724.11224,0,0,0,0
2024-06-29 18:00:00+00:00,726.71625,0,0,0,0
2024-06-29 19:00:00+00:00,773.2927,0,0,0,0
2024-06-29 20:00:00+00:00,738.3829,0,0,0,0
2024-06-29 21:00:00+00:00,696.1639,0,0,0,0
2024-06-29 22:00:00+00:00,674.6559,0,0,0,0
2024-06-29 23:00:00+00:00,396.93323,0,0,0,0
2024-06-30 00:00:00+00:00,443.41165,0,0,0,0
2024-06-30 01:00:00+00:00,243.52249,0,0,0,0
2024-06-30 02:00:00+00:00,24.02731,0,0,0,0
2024-06-30 03:00:00+00:00,0,0,0,0,0
2024-06-30 04:00:00+00:00,0,0,0,0,0
2024-06-30 05:00:00+00:00,0,0,0,0,0
2024-06-30 06:00:00+00:00,0,0,0,0,0
2024-06-30 07:00:00+00:00,0,0,0,0,0
2024-06-30 08:00:00+00:00,0,0,0,0,0
2024-06-30 09:00:00+00:00,0,0,0,0,0
2024-06-30 10:00:00+00:00,0,0,0,0,0
2024-06-30 11:00:00+00:00,0,0,0,0,0
2024-06-30 12:00:00+00:00,34.901073,0,0,0,0
2024-06-30 13:00:00+00:00,360.3891,0,0,0,0
2024-06-30 14:00:00+00:00,563.06323,0,0,0,0
2024-06-30 15:00:00+00:00,479.25098,0.1,0.1,0,0
2024-06-30 16:00:00+00:00,613.3272,0.1,0.1,0,0
2024-06-30 17:00:00+00:00,679.34906,0,0,0,0
2024-06-30 18:00:00+00:00,761.24677,0,0,0,0
2024-06-30 19:00:00+00:00,744.0894,0,0,0,0
2024-06-30 20:00:00+00:00,716.52734,0,0,0,0
2024-06-30 21:00:00+00:00,720.9837,0,0,0,0
2024-06-30 22:00:00+00:00,674.4465,0,0,0,0
2024-06-30 23:00:00+00:00,595.979,0,0,0,0
2024-07-01 00:00:00+00:00,512.8588,0,0,0,0
2024-07-01 01:00:00+00:00,319.37094,0,0,0,0
2024-07-01 02:00:00+00:00,24.012222,0,0,0,0
2024-07-01 03:00:00+00:00,0,0,0,0,0
2024-07-01 04:00:00+00:00,0,0,0,0,0
2024-07-01 05:00:00+00:00,0,0,0,0,0
2024-07-01 06:00:00+00:00,0,0,0,0,0
2024-07-01 07:00:00+00:00,0,0,0,0,0
2024-07-01 08:00:00+00:00,0,0,0,0,0
2024-07-01 09:00:00+00:00,0,0,0,0,0
2024-07-01 10:00:00+00:00,0,0,0,0,0
2024-07-01 11:00:00+00:00,0,0,0,0,0
2024-07-01 12:00:00+00:00,23.446814,0,0,0,0
2024-07-01 13:00:00+00:00,317.9579,0,0,0,0
2024-07-01 14:00:00+00:00,458.62537,0,0,0,0
2024-07-01 15:00:00+00:00,590.8124,0,0,0,0
2024-07-01 16:00:00+00:00,761.5164,0,0,0,0
2024-07-01 17:00:00+00:00,806.46747,0,0,0,0
2024-07-01 18:00:00+00:00,825.94336,0,0,0,0
2024-07-01 19:00:00+00:00,819.0389,0,0,0,0
2024-07-01 20:00:00+00:00,782.0445,0,0,0,0
2024-07-01 21:00:00+00:00,765.08777,0,0,0,0
2024-07-01 22:00:00+00:00,666.3373,0,0,0,0
2024-07-01 23:00:00+00:00,641.3286,0,0,0,0
2024-07-02 00:00:00+00:00,547.467,0,0,0,0
2024-07-02 01:00:00+00:00,374.96335,0,0,0,0
2024-07-02 02:00:00+00:00,24.009056,0,0,0,0
2024-07-02 03:00:00+00:00,0,0,0,0,0
2024-07-02 04:00:00+00:00,0,0,0,0,0
2024-07-02 05:00:00+00:00,0,0,0,0,0
2024-07-02 06:00:00+00:00,0,0,0,0,0
2024-07-02 07:00:00+00:00,0,0,0,0,0
2024-07-02 08:00:00+00:00,0,0,0,0,0
2024-07-02 09:00:00+00:00,0,0,0,0,0
2024-07-02 10:00:00+00:00,0,0,0,0,0
2024-07-02 11:00:00+00:00,0,0,0,0,0
2024-07-02 12:00:00+00:00,35.453907,0,0,0,0
2024-07-02 13:00:00+00:00,375.05252,0,0,0,0
2024-07-02 14:00:00+00:00,536.6157,0,0,0,0
2024-07-02 15:00:00+00:00,662.41547,0,0,0,0
2024-07-02 16:00:00+00:00,760.9963,0,0,0,0
2024-07-02 17:00:00+00:00,805.8669,0,0,0,0
2024-07-02 18:00:00+00:00,827.3026,0,0,0,0
2024-07-02 19:00:00+00:00,833.3484,0,0,0,0
2024-07-02 20:00:00+00:00,801.82245,0,0,0,0
2024-07-02 21:00:00+00:00,771.8062,0,0,0,0
2024-07-02 22:00:00+00:00,732.2883,0,0,0,0
2024-07-02 23:00:00+00:00,641.1463,0,0,0,0
2024-07-03 00:00:00+00:00,572.1802,0,0,0,0
2024-07-03 01:00:00+00:00,278.66095,0,0,0,0
2024-07-03 02:00:00+00:00,24.01627,0,0,0,0
2024-07-03 03:00:00+00:00,0,0,0,0,0
2024-07-03 04:00:00+00:00,0,0,0,0,0
2024-07-03 05:00:00+00:00,0,0,0,0,0
2024-07-03 06:00:00+00:00,0,0,0,0,0
2024-07-03 07:00:00+00:00,0,0,0,0,0
2024-07-03 08:00:00+00:00,0,0,0,0,0
2024-07-03 09:00:00+00:00,0,0,0,0,0
2024-07-03 10:00:00+00:00,0,0,0,0,0
2024-07-03 11:00:00+00:00,0,0,0,0,0
2024-07-03 12:00:00+00:00,35.750717,0,0,0,0
2024-07-03 13:00:00+00:00,377.5962,0,0,0,0
2024-07-03 14:00:00+00:00,587.81757,0,0,0,0
2024-07-03 15:00:00+00:00,705.6532,0,0,0,0
2024-07-03 16:00:00+00:00,772.3727,0,0,0,0
2024-07-03 17:00:00+00:00,812.0735,0,0,0,0
2024-07-03 18:00:00+00:00,825.5561,0,0,0,0
2024-07-03 19:00:00+00:00,812.2743,0,0,0,0
2024-07-03 20:00:00+00:00,498.17303,0.1,0.1,0,0
2024-07-03 21:00:00+00:00,650.4929,0.1,0.1,0,0
2024-07-03 22:00:00+00:00,602.6562,0,0,0,0
2024-07-03 23:00:00+00:00,421.7245,0,0,0,0
2024-07-04 00:00:00+00:00,385.54327,0.3,0.3,0,0
2024-07-04 01:00:00+00:00,283.8021,0,0,0,0
2024-07-04 02:00:00+00:00,24.033844,0,0,0,0
2024-07-04 03:00:00+00:00,0,0,0,0,0
2024-07-04 04:00:00+00:00,0,0,0,0,0
2024-07-04 05:00:00+00:00,0,0,0,0,0
2024-07-04 06:00:00+00:00,0,0,0,0,0
2024-07-04 07:00:00+00:00,0,0,0,0,0
2024-07-04 08:00:00+00:00,0,0,0,0,0
2024-07-04 09:00:00+00:00,0,0,0,0,0
2024-07-04 10:00:00+00:00,0,0,0,0,0
2024-07-04 11:00:00+00:00,0,0,0,0,0
2024-07-04 12:00:00+00:00,24.040014,0,0,0,0
2024-07-04 13:00:00+00:00,344.74588,0,0,0,0
2024-07-04 14:00:00+00:00,432.87466,0,0,0,0
2024-07-04 15:00:00+00:00,502.74655,0,0,0,0
2024-07-04 16:00:00+00:00,526.0487,0,0,0,0
2024-07-04 17:00:00+00:00,513.4202,0,0,0,0
2024-07-04 18:00:00+00:00,617.86444,0,0,0,0
2024-07-04 19:00:00+00:00,663.7222,0,0,0,0
2024-07-04 20:00:00+00:00,741.5944,0,0,0,0
2024-07-04 21:00:00+00:00,777.3937,0,0,0,0
2024-07-04 22:00:00+00:00,778.3552,0,0,0,0
2024-07-04 23:00:00+00:00,713.48224,0,0,0,0
2024-07-05 00:00:00+00:00,594.4924,0,0,0,0
2024-07-05 01:00:00+00:00,344.83804,0,0,0,0
2024-07-05 02:00:00+00:00,24.062672,0,0,0,0
2024-07-05 03:00:00+00:00,0,0,0,0,0
2024-07-05 04:00:00+00:00,0,0,0,0,0
2024-07-05 05:00:00+00:00,0,0,0,0,0
2024-07-05 06:00:00+00:00,0,0,0,0,0
2024-07-05 07:00:00+00:00,0,0,0,0,0
2024-07-05 08:00:00+00:00,0,0,0,0,0
2024-07-05 09:00:00+00:00,0,0,0,0,0
2024-07-05 10:00:00+00:00,0,0,0,0,0
2024-07-05 11:00:00+00:00,0,0,0,0,0
2024-07-05 12:00:00+00:00,24.254673,0,0,0,0
2024-07-05 13:00:00+00:00,377.85687,0,0,0,0
2024-07-05 14:00:00+00:00,563.9808,0,0,0,0
2024-07-05 15:00:00+00:00,574.61743,0,0,0,0
2024-07-05 16:00:00+00:00,740.98456,0,0,0,0
2024-07-05 17:00:00+00:00,792.78516,0,0,0,0
2024-07-05 18:00:00+00:00,825.2138,0,0,0,0
2024-07-05 19:00:00+00:00,845.0309,0,0,0,0
2024-07-05 20:00:00+00:00,837.3683,0,0,0,0
2024-07-05 21:00:00+00:00,767.2009,0,0,0,0
2024-07-05 22:00:00+00:00,753.21936,0,0,0,0
2024-07-05 23:00:00+00:00,699.9831,0,0,0,0
2024-07-06 00:00:00+00:00,569.72394,0,0,0,0
2024-07-06 01:00:00+00:00,314.73828,0,0,0,0
2024-07-06 02:00:00+00:00,24.104424,0,0,0,0
2024-07-06 03:00:00+00:00,0,0,0,0,0
2024-07-06 04:00:00+00:00,0,0,0,0,0
2024-07-06 05:00:00+00:00,0,0,0,0,0
2024-07-06 06:00:00+00:00,0,0,0,0,0
2024-07-06 07:00:00+00:00,0,0,0,0,0
2024-07-06 08:00:00+00:00,0,0,0,0,0
2024-07-06 09:00:00+00:00,0,0,0,0,0
2024-07-06 10:00:00+00:00,0,0,0,0,0
2024-07-06 11:00:00+00:00,0,0,0,0,0
2024-07-06 12:00:00+00:00,12.238524,0,0,0,0
2024-07-06 13:00:00+00:00,298.33298,0,0,0,0
2024-07-06 14:00:00+00:00,513.1849,0,0,0,0
2024-07-06 15:00:00+00:00,602.7339,0,0,0,0
2024-07-06 16:00:00+00:00,503.37054,0,0,0,0
2024-07-06 17:00:00+00:00,478.95926,0,0,0,0
2024-07-06 18:00:00+00:00,357.0914,0,0,0,0
2024-07-06 19:00:00+00:00,182.20909,0,0,0,0
2024-07-06 20:00:00+00:00,265.28745,0,0,0,0
2024-07-06 21:00:00+00:00,441.9843,0,0,0,0
2024-07-06 22:00:00+00:00,355.47675,0.7,0.7,0,0
2024-07-06 23:00:00+00:00,160.25223,0.1,0.1,0,0
2024-07-07 00:00:00+00:00,169.23692,0,0,0,0
2024-07-07 01:00:00+00:00,91.50773,0,0,0,0
2024-07-07 02:00:00+00:00,12.079499,0,0,0,0
2024-07-07 03:00:00+00:00,0,0,0,0,0
2024-07-07 04:00:00+00:00,0,0,0,0,0
2024-07-07 05:00:00+00:00,0,0,0,0,0
2024-07-07 06:00:00+00:00,0,0,0,0,0
2024-07-07 07:00:00+00:00,0,0,0,0,0
2024-07-07 08:00:00+00:00,0,0,0,0,0
2024-07-07 09:00:00+00:00,0,0,0,0,0
2024-07-07 10:00:00+00:00,0,0,0,0,0
2024-07-07 11:00:00+00:00,0,0,0,0,0
2024-07-07 12:00:00+00:00,12.353502,0,0,0,0
2024-07-07 13:00:00+00:00,316.11703,0,0,0,0
2024-07-07 14:00:00+00:00,396.7871,0,0,0,0
2024-07-07 15:00:00+00:00,507.1416,0,0,0,0
2024-07-07 16:00:00+00:00,681.63855,0,0,0,0
2024-07-07 17:00:00+00:00,548.5863,0,0,0,0
2024-07-07 18:00:00+00:00,397.87424,0,0,0,0
2024-07-07 19:00:00+00:00,489.0626,0,0,0,0
2024-07-07 20:00:00+00:00,747.08453,0,0,0,0
2024-07-07 21:00:00+00:00,571.2341,0.8,0.8,0,0
2024-07-07 22:00:00+00:00,294.71683,0.2,0.2,0,0
2024-07-07 23:00:00+00:00,109.66808,0.1,0.1,0,0
2024-07-08 00:00:00+00:00,72.21402,0,0,0,0
2024-07-08 01:00:00+00:00,20.373175,0.1,0.1,0,0
2024-07-08 02:00:00+00:00,0,0.2,0.2,0,0
2024-07-08 03:00:00+00:00,0,0,0,0,0
2024-07-08 04:00:00+00:00,0,0,0,0,0
2024-07-08 05:00:00+00:00,0,0,0,0,0
2024-07-08 06:00:00+00:00,0,0,0,0,0
2024-07-08 07:00:00+00:00,0,0,0,0,0
2024-07-08 08:00:00+00:00,0,0,0,0,0
2024-07-08 09:00:00+00:00,0,0,0,0,0
2024-07-08 10:00:00+00:00,0,0,0,0,0
2024-07-08 11:00:00+00:00,0,1.7,1.7,0,0
2024-07-08 12:00:00+00:00,0,3.2,3.2,0,0
2024-07-08 13:00:00+00:00,0,9.9,9.9,0,0
2024-07-08 14:00:00+00:00,0,11.5,11.5,0,0
2024-07-08 15:00:00+00:00,0,15.2,15.2,0,0
2024-07-08 16:00:00+00:00,0,12.9,12.9,0,0
2024-07-08 17:00:00+00:00,0,5.5,5.5,0,0
2024-07-08 18:00:00+00:00,8.336327,7.6,7.6,0,0
2024-07-08 19:00:00+00:00,5.0642533,3.4,3.4,0,0
2024-07-08 20:00:00+00:00,67.645775,2.4,2.4,0,0
2024-07-08 21:00:00+00:00,324.19843,0.9,0.9,0,0
2024-07-08 22:00:00+00:00,475.85538,0.2,0.2,0,0
2024-07-08 23:00:00+00:00,648.0864,0,0,0,0
2024-07-09 00:00:00+00:00,475.96695,0,0,0,0
2024-07-09 01:00:00+00:00,367.56747,0,0,0,0
2024-07-09 02:00:00+00:00,24.306461,0,0,0,0
2024-07-09 03:00:00+00:00,0,0,0,0,0
2024-07-09 04:00:00+00:00,0,0,0,0,0
2024-07-09 05:00:00+00:00,0,0,0,0,0
2024-07-09 06:00:00+00:00,0,0,0,0,0
2024-07-09 07:00:00+00:00,0,0,0,0,0
2024-07-09 08:00:00+00:00,0,0,0,0,0
2024-07-09 09:00:00+00:00,0,0,0,0,0
2024-07-09 10:00:00+00:00,0,0,0,0,0
2024-07-09 11:00:00+00:00,0,0,0,0,0
2024-07-09 12:00:00+00:00,25.189829,0,0,0,0
2024-07-09 13:00:00+00:00,305.21027,0,0,0,0
2024-07-09 14:00:00+00:00,553.5296,0,0,0,0
2024-07-09 15:00:00+00:00,709.85364,0,0,0,0
2024-07-09 16:00:00+00:00,777.54565,0,0,0,0
2024-07-09 17:00:00+00:00,806.44507,0,0,0,0
2024-07-09 18:00:00+00:00,765.2223,0,0,0,0
2024-07-09 19:00:00+00:00,794.3247,0,0,0,0
2024-07-09 20:00:00+00:00,805.6827,0,0,0,0
2024-07-09 21:00:00+00:00,757.36285,0,0,0,0
2024-07-09 22:00:00+00:00,706.02185,0,0,0,0
2024-07-09 23:00:00+00:00,648.36346,0,0,0,0
2024-07-10 00:00:00+00:00,486.39075,0,0,0,0
2024-07-10 01:00:00+00:00,353.23267,0,0,0,0
2024-07-10 02:00:00+00:00,24.40117,0,0,0,0
2024-07-10 03:00:00+00:00,0,0,0,0,0
2024-07-10 04:00:00+00:00,0,0,0,0,0
2024-07-10 05:00:00+00:00,0,0,0,0,0
2024-07-10 06:00:00+00:00,0,0,0,0,0
2024-07-10 07:00:00+00:00,0,0,0,0,0
2024-07-10 08:00:00+00:00,0,0,0,0,0
2024-07-10 09:00:00+00:00,0,0,0,0,0
2024-07-10 10:00:00+00:00,0,0,0,0,0
2024-07-10 11:00:00+00:00,0,0,0,0,0
2024-07-10 12:00:00+00:00,25.440542,0,0,0,0
2024-07-10 13:00:00+00:00,376.55136,0,0,0,0
2024-07-10 14:00:00+00:00,400.64722,0,0,0,0
2024-07-10 15:00:00+00:00,675.3297,0,0,0,0
2024-07-10 16:00:00+00:00,734.51105,0,0,0,0
2024-07-10 17:00:00+00:00,825.2477,0,0,0,0
2024-07-10 18:00:00+00:00,675.89276,0,0,0,0
2024-07-10 19:00:00+00:00,622.29407,0,0,0,0
2024-07-10 20:00:00+00:00,636.1718,0,0,0,0
2024-07-10 21:00:00+00:00,734.86505,0,0,0,0
2024-07-10 22:00:00+00:00,716.8266,0,0,0,0
2024-07-10 23:00:00+00:00,565.9394,0,0,0,0
2024-07-11 00:00:00+00:00,526.90356,0,0,0,0
2024-07-11 01:00:00+00:00,354.3862,0,0,0,0
2024-07-11 02:00:00+00:00,24.511423,0,0,0,0
2024-07-11 03:00:00+00:00,0,0,0,0,0
2024-07-11 04:00:00+00:00,0,0,0,0,0
2024-07-11 05:00:00+00:00,0,0,0,0,0
2024-07-11 06:00:00+00:00,0,0,0,0,0
2024-07-11 07:00:00+00:00,0,0,0,0,0
2024-07-11 08:00:00+00:00,0,0,0,0,0
2024-07-11 09:00:00+00:00,0,0,0,0,0
2024-07-11 10:00:00+00:00,0,0,0,0,0
2024-07-11 11:00:00+00:00,0,0,0,0,0
2024-07-11 12:00:00+00:00,12.850018,0,0,0,0
2024-07-11 13:00:00+00:00,358.1656,0,0,0,0
2024-07-11 14:00:00+00:00,572.4066,0,0,0,0
2024-07-11 15:00:00+00:00,705.6047,0,0,0,0
2024-07-11 16:00:00+00:00,761.9854,0,0,0,0
2024-07-11 17:00:00+00:00,748.3984,0,0,0,0
2024-07-11 18:00:00+00:00,688.7536,0,0,0,0
2024-07-11 19:00:00+00:00,746.2081,0,0,0,0
2024-07-11 20:00:00+00:00,667.5992,0,0,0,0
2024-07-11 21:00:00+00:00,760.0347,0,0,0,0
2024-07-11 22:00:00+00:00,648.30664,0.1,0.1,0,0
2024-07-11 23:00:00+00:00,566.3136,0,0,0,0
2024-07-12 00:00:00+00:00,250.05223,0,0,0,0
2024-07-12 01:00:00+00:00,340.23853,0,0,0,0
2024-07-12 02:00:00+00:00,12.31781,0,0,0,0
2024-07-12 03:00:00+00:00,0,0,0,0,0
2024-07-12 04:00:00+00:00,0,0,0,0,0
2024-07-12 05:00:00+00:00,0,0,0,0,0
2024-07-12 06:00:00+00:00,0,0,0,0,0
2024-07-12 07:00:00+00:00,0,0,0,0,0
2024-07-12 08:00:00+00:00,0,0,0,0,0
2024-07-12 09:00:00+00:00,0,0,0,0,0
2024-07-12 10:00:00+00:00,0,0,0,0,0
2024-07-12 11:00:00+00:00,0,0,0,0,0
2024-07-12 12:00:00+00:00,12.985148,0,0,0,0
2024-07-12 13:00:00+00:00,226.37372,0,0,0,0
2024-07-12 14:00:00+00:00,275.68,3.8,3.8,0,0
2024-07-12 15:00:00+00:00,0,0.1,0.1,0,0
2024-07-12 16:00:00+00:00,78.68788,0.1,0.1,0,0
2024-07-12 17:00:00+00:00,69.5391,0.3,0.3,0,0
2024-07-12 18:00:00+00:00,144.0875,0.2,0.2,0,0
2024-07-12 19:00:00+00:00,423.9595,0.2,0.2,0,0
2024-07-12 20:00:00+00:00,356.3054,0.1,0.1,0,0
2024-07-12 21:00:00+00:00,385.81827,0,0,0,0
2024-07-12 22:00:00+00:00,598.30194,0.1,0.1,0,0
2024-07-12 23:00:00+00:00,510.91516,0,0,0,0
2024-07-13 00:00:00+00:00,318.04654,0,0,0,0
2024-07-13 01:00:00+00:00,15.529404,0,0,0,0
2024-07-13 02:00:00+00:00,0,0,0,0,0
2024-07-13 03:00:00+00:00,0,0,0,0,0
2024-07-13 04:00:00+00:00,0,0,0,0,0
2024-07-13 05:00:00+00:00,0,0,0,0,0
2024-07-13 06:00:00+00:00,0,0,0,0,0
2024-07-13 07:00:00+00:00,0,0,0,0,0
2024-07-13 08:00:00+00:00,0,0,0,0,0
2024-07-13 09:00:00+00:00,0,0,0,0,0
2024-07-13 10:00:00+00:00,0,0,0,0,0
2024-07-13 11:00:00+00:00,0,0,0,0,0
2024-07-13 12:00:00+00:00,13.128688,0,0,0,0
2024-07-13 13:00:00+00:00,43.487877,0.1,0.1,0,0
2024-07-13 14:00:00+00:00,117.82614,0,0,0,0
2024-07-13 15:00:00+00:00,65.16914,0,0,0,0
2024-07-13 16:00:00+00:00,86.79379,0,0,0,0
2024-07-13 17:00:00+00:00,163.1466,0,0,0,0
2024-07-13 18:00:00+00:00,152.52374,0,0,0,0
2024-07-13 19:00:00+00:00,360.20837,0,0,0,0
2024-07-13 20:00:00+00:00,612.81104,0,0,0,0
2024-07-13 21:00:00+00:00,683.3844,0.1,0.1,0,0
2024-07-13 22:00:00+00:00,631.7211,0.1,0.1,0,0
2024-07-13 23:00:00+00:00,0,0.8,0.8,0,0
2024-07-14 00:00:00+00:00,183.12311,0,0,0,0
2024-07-14 01:00:00+00:00,41.600895,0.1,0.1,0,0
2024-07-14 02:00:00+00:00,0,0,0,0,0
2024-07-14 03:00:00+00:00,0,0,0,0,0
2024-07-14 04:00:00+00:00,0,0,0,0,0
2024-07-14 05:00:00+00:00,0,0,0,0,0
2024-07-14 06:00:00+00:00,0,0,0,0,0
2024-07-14 07:00:00+00:00,0,0,0,0,0
2024-07-14 08:00:00+00:00,0,0,0,0,0
2024-07-14 09:00:00+00:00,0,0,0,0,0
2024-07-14 10:00:00+00:00,0,0,0,0,0
2024-07-14 11:00:00+00:00,0,0,0,0,0
2024-07-14 12:00:00+00:00,0,0,0,0,0
2024-07-14 13:00:00+00:00,0,0,0,0,0
2024-07-14 14:00:00+00:00,71.97575,0,0,0,0
2024-07-14 15:00:00+00:00,37.803963,0.1,0.1,0,0
2024-07-14 16:00:00+00:00,250.00577,0,0,0,0
2024-07-14 17:00:00+00:00,494.40555,0,0,0,0
2024-07-14 18:00:00+00:00,427.51923,0,0,0,0
2024-07-14 19:00:00+00:00,706.5186,0,0,0,0
2024-07-14 20:00:00+00:00,620.3455,0,0,0,0
2024-07-14 21:00:00+00:00,486.06775,0,0,0,0
2024-07-14 22:00:00+00:00,345.86102,0.1,0.1,0,0
2024-07-14 23:00:00+00:00,413.54364,10.6,10.6,0,0
2024-07-15 00:00:00+00:00,0,0,0,0,0
2024-07-15 01:00:00+00:00,214.27036,0.1,0.1,0,0
2024-07-15 02:00:00+00:00,12.546956,0,0,0,0
2024-07-15 03:00:00+00:00,0,0,0,0,0
2024-07-15 04:00:00+00:00,0,0,0,0,0
2024-07-15 05:00:00+00:00,0,0,0,0,0
2024-07-15 06:00:00+00:00,0,0,0,0,0
2024-07-15 07:00:00+00:00,0,0,0,0,0
2024-07-15 08:00:00+00:00,0,0,0,0,0
2024-07-15 09:00:00+00:00,0,0,0,0,0
2024-07-15 10:00:00+00:00,0,0,0,0,0
2024-07-15 11:00:00+00:00,0,0,0,0,0
2024-07-15 12:00:00+00:00,13.433946,0,0,0,0
2024-07-15 13:00:00+00:00,332.05765,0,0,0,0
2024-07-15 14:00:00+00:00,441.17273,0,0,0,0
2024-07-15 15:00:00+00:00,597.4759,0,0,0,0
2024-07-15 16:00:00+00:00,725.5275,0,0,0,0
2024-07-15 17:00:00+00:00,793.08325,0,0,0,0
2024-07-15 18:00:00+00:00,819.9857,0,0,0,0
2024-07-15 19:00:00+00:00,837.8552,0,0,0,0
2024-07-15 20:00:00+00:00,830.2567,0,0,0,0
2024-07-15 21:00:00+00:00,805.57166,0,0,0,0
2024-07-15 22:00:00+00:00,771.7328,0,0,0,0
2024-07-15 23:00:00+00:00,705.8081,0,0,0,0
2024-07-16 00:00:00+00:00,564.1118,0,0,0,0
2024-07-16 01:00:00+00:00,373.07004,0,0,0,0
2024-07-16 02:00:00+00:00,25.277199,0,0,0,0
2024-07-16 03:00:00+00:00,0,0,0,0,0
2024-07-16 04:00:00+00:00,0,0,0,0,0
2024-07-16 05:00:00+00:00,0,0,0,0,0
2024-07-16 06:00:00+00:00,0,0,0,0,0
2024-07-16 07:00:00+00:00,0,0,0,0,0
2024-07-16 08:00:00+00:00,0,0,0,0,0
2024-07-16 09:00:00+00:00,0,0,0,0,0
2024-07-16 10:00:00+00:00,0,0,0,0,0
2024-07-16 11:00:00+00:00,0,0,0,0,0
2024-07-16 12:00:00+00:00,13.602813,0,0,0,0
2024-07-16 13:00:00+00:00,351.94836,0,0,0,0
2024-07-16 14:00:00+00:00,476.4878,0,0,0,0
2024-07-16 15:00:00+00:00,614.23724,0,0,0,0
2024-07-16 16:00:00+00:00,731.82245,0,0,0,0
2024-07-16 17:00:00+00:00,762.8855,0,0,0,0
2024-07-16 18:00:00+00:00,840.3767,0,0,0,0
2024-07-16 19:00:00+00:00,847.41034,0,0,0,0
2024-07-16 20:00:00+00:00,753.4147,0,0,0,0
2024-07-16 21:00:00+00:00,792.3484,0,0,0,0
2024-07-16 22:00:00+00:00,757.69183,0,0,0,0
2024-07-16 23:00:00+00:00,674.35767,0.1,0.1,0,0
2024-07-17 00:00:00+00:00,499.74368,0,0,0,0
2024-07-17 01:00:00+00:00,354.1215,0,0,0,0
2024-07-17 02:00:00+00:00,25.477255,0,0,0,0
2024-07-17 03:00:00+00:00,0,0,0,0,0
2024-07-17 04:00:00+00:00,0,0,0,0,0
2024-07-17 05:00:00+00:00,0,0,0,0,0
2024-07-17 06:00:00+00:00,0,0,0,0,0
2024-07-17 07:00:00+00:00,0,0,0,0,0
2024-07-17 08:00:00+00:00,0,0,0,0,0
2024-07-17 09:00:00+00:00,0,0,0,0,0
2024-07-17 10:00:00+00:00,0,0,0,0,0
2024-07-17 11:00:00+00:00,0,0,0,0,0
2024-07-17 12:00:00+00:00,13.859589,0,0,0,0
2024-07-17 13:00:00+00:00,355.18933,0,0,0,0
2024-07-17 14:00:00+00:00,582.28925,0,0,0,0
2024-07-17 15:00:00+00:00,707.1683,0,0,0,0
2024-07-17 16:00:00+00:00,764.99475,0,0,0,0
2024-07-17 17:00:00+00:00,793.32434,0,0,0,0
2024-07-17 18:00:00+00:00,796.93243,0,0,0,0
2024-07-17 19:00:00+00:00,679.0924,0,0,0,0
2024-07-17 20:00:00+00:00,712.024,0,0,0,0
2024-07-17 21:00:00+00:00,688.1535,0,0,0,0
2024-07-17 22:00:00+00:00,679.9376,0,0,0,0
2024-07-17 23:00:00+00:00,564.6646,0.1,0.1,0,0
2024-07-18 00:00:00+00:00,298.54425,0,0,0,0
2024-07-18 01:00:00+00:00,58.507584,0,0,0,0
2024-07-18 02:00:00+00:00,12.845945,0,0,0,0
2024-07-18 03:00:00+00:00,0,0,0,0,0
2024-07-18 04:00:00+00:00,0,0,0,0,0
2024-07-18 05:00:00+00:00,0,0,0,0,0
2024-07-18 06:00:00+00:00,0,0,0,0,0
2024-07-18 07:00:00+00:00,0,0,0,0,0
2024-07-18 08:00:00+00:00,0,0.1,0.1,0,0
2024-07-18 09:00:00+00:00,0,0,0,0,0
2024-07-18 10:00:00+00:00,0,0,0,0,0
2024-07-18 11:00:00+00:00,0,0,0,0,0
2024-07-18 12:00:00+00:00,0,1.2,1.2,0,0
2024-07-18 13:00:00+00:00,0,3.7,3.7,0,0
2024-07-18 14:00:00+00:00,0,1.2,1.2,0,0
2024-07-18 15:00:00+00:00,32.92174,0,0,0,0
2024-07-18 16:00:00+00:00,290.28128,0,0,0,0
2024-07-18 17:00:00+00:00,491.5511,0,0,0,0
2024-07-18 18:00:00+00:00,776.50415,0,0,0,0
2024-07-18 19:00:00+00:00,820.8486,0,0,0,0
2024-07-18 20:00:00+00:00,778.2079,0,0,0,0
2024-07-18 21:00:00+00:00,696.546,0,0,0,0
2024-07-18 22:00:00+00:00,705.77545,0,0,0,0
2024-07-18 23:00:00+00:00,650.6013,0,0,0,0
2024-07-19 00:00:00+00:00,530.1496,0,0,0,0
2024-07-19 01:00:00+00:00,353.43048,0,0,0,0
2024-07-19 02:00:00+00:00,25.927809,0,0,0,0
2024-07-19 03:00:00+00:00,0,0,0,0,0
2024-07-19 04:00:00+00:00,0,0,0,0,0
2024-07-19 05:00:00+00:00,0,0,0,0,0
2024-07-19 06:00:00+00:00,0,0,0,0,0
2024-07-19 07:00:00+00:00,0,0,0,0,0
2024-07-19 08:00:00+00:00,0,0,0,0,0
2024-07-19 09:00:00+00:00,0,0,0,0,0
2024-07-19 10:00:00+00:00,0,0,0,0,0
2024-07-19 11:00:00+00:00,0,0,0,0,0
2024-07-19 12:00:00+00:00,0,0,0,0,0
2024-07-19 13:00:00+00:00,295.88477,0,0,0,0
2024-07-19 14:00:00+00:00,534.48,0,0,0,0
2024-07-19 15:00:00+00:00,590.4096,0,0,0,0
2024-07-19 16:00:00+00:00,668.8275,0,0,0,0
2024-07-19 17:00:00+00:00,693.85706,0,0,0,0
2024-07-19 18:00:00+00:00,743.4825,0,0,0,0
2024-07-19 19:00:00+00:00,770.4332,0,0,0,0
2024-07-19 20:00:00+00:00,751.47363,0,0,0,0
2024-07-19 21:00:00+00:00,667.3999,0,0,0,0
2024-07-19 22:00:00+00:00,655.8783,0,0,0,0
2024-07-19 23:00:00+00:00,643.041,0,0,0,0
2024-07-20 00:00:00+00:00,541.7974,0,0,0,0
2024-07-20 01:00:00+00:00,345.20825,0,0,0,0
2024-07-20 02:00:00+00:00,26.178185,0,0,0,0
2024-07-20 03:00:00+00:00,0,0,0,0,0
2024-07-20 04:00:00+00:00,0,0,0,0,0
2024-07-20 05:00:00+00:00,0,0,0,0,0
2024-07-20 06:00:00+00:00,0,0,0,0,0
2024-07-20 07:00:00+00:00,0,0,0,0,0
2024-07-20 08:00:00+00:00,0,0,0,0,0
2024-07-20 09:00:00+00:00,0,0,0,0,0
2024-07-20 10:00:00+00:00,0,0,0,0,0
2024-07-20 11:00:00+00:00,0,0,0,0,0
2024-07-20 12:00:00+00:00,14.336494,0,0,0,0
2024-07-20 13:00:00+00:00,354.4587,0,0,0,0
2024-07-20 14:00:00+00:00,586.6173,0,0,0,0
2024-07-20 15:00:00+00:00,718.7598,0,0,0,0
2024-07-20 16:00:00+00:00,795.08203,0,0,0,0
2024-07-20 17:00:00+00:00,792.093,0,0,0,0
2024-07-20 18:00:00+00:00,855.2465,0,0,0,0
2024-07-20 19:00:00+00:00,869.67944,0,0,0,0
2024-07-20 20:00:00+00:00,863.82733,0,0,0,0
2024-07-20 21:00:00+00:00,837.7,0,0,0,0
2024-07-20 22:00:00+00:00,800.3629,0,0,0,0
2024-07-20 23:00:00+00:00,744.8656,0,0,0,0
2024-07-21 00:00:00+00:00,622.49365,0,0,0,0
2024-07-21 01:00:00+00:00,396.80127,0,0,0,0
2024-07-21 02:00:00+00:00,26.445295,0,0,0,0
2024-07-21 03:00:00+00:00,0,0,0,0,0
2024-07-21 04:00:00+00:00,0,0,0,0,0
2024-07-21 05:00:00+00:00,0,0,0,0,0
2024-07-21 06:00:00+00:00,0,0,0,0,0
2024-07-21 07:00:00+00:00,0,0,0,0,0
2024-07-21 08:00:00+00:00,0,0,0,0,0
2024-07-21 09:00:00+00:00,0,0,0,0,0
2024-07-21 10:00:00+00:00,0,0,0,0,0
2024-07-21 11:00:00+00:00,0,0,0,0,0
2024-07-21 12:00:00+00:00,14.537971,0,0,0,0
2024-07-21 13:00:00+00:00,275.74078,0,0,0,0
2024-07-21 14:00:00+00:00,103.01229,0,0,0,0
2024-07-21 15:00:00+00:00,33.14055,0,0,0,0
2024-07-21 16:00:00+00:00,215.91933,0,0,0,0
2024-07-21 17:00:00+00:00,797.45825,0,0,0,0
2024-07-21 18:00:00+00:00,752.96063,0,0,0,0
2024-07-21 19:00:00+00:00,691.90454,0,0,0,0
2024-07-21 20:00:00+00:00,751.36383,0,0,0,0
2024-07-21 21:00:00+00:00,653.5693,0,0,0,0
2024-07-21 22:00:00+00:00,585.2551,0,0,0,0
2024-07-21 23:00:00+00:00,540.7797,0.3,0.3,0,0
2024-07-22 00:00:00+00:00,261.04572,0.1,0.1,0,0
2024-07-22 01:00:00+00:00,126.04819,0,0,0,0
2024-07-22 02:00:00+00:00,13.368312,0,0,0,0
2024-07-22 03:00:00+00:00,0,0,0,0,0
2024-07-22 04:00:00+00:00,0,0,0,0,0
2024-07-22 05:00:00+00:00,0,0,0,0,0
2024-07-22 06:00:00+00:00,0,0,0,0,0
2024-07-22 07:00:00+00:00,0,1.4,1.4,0,0
2024-07-22 08:00:00+00:00,0,6.4,6.4,0,0
2024-07-22 09:00:00+00:00,0,0,0,0,0
2024-07-22 10:00:00+00:00,0,0.2,0.2,0,0
2024-07-22 11:00:00+00:00,0,0.1,0.1,0,0
2024-07-22 12:00:00+00:00,0,0,0,0,0
2024-07-22 13:00:00+00:00,242.45265,0,0,0,0
2024-07-22 14:00:00+00:00,352.75598,0.2,0.2,0,0
2024-07-22 15:00:00+00:00,424.8119,1.4,1.4,0,0
2024-07-22 16:00:00+00:00,339.2075,0.2,0.2,0,0
2024-07-22 17:00:00+00:00,504.9437,0.2,0.2,0,0
2024-07-22 18:00:00+00:00,579.0744,0.5,0.5,0,0
2024-07-22 19:00:00+00:00,487.4079,0.6,0.6,0,0
2024-07-22 20:00:00+00:00,412.58963,0.2,0.2,0,0
2024-07-22 21:00:00+00:00,66.21005,7.2,7.2,0,0
2024-07-22 22:00:00+00:00,0,1.1,1.1,0,0
2024-07-22 23:00:00+00:00,3.4289005,0.5,0.5,0,0
2024-07-23 00:00:00+00:00,92.44312,0.3,0.3,0,0
2024-07-23 01:00:00+00:00,0,0.1,0.1,0,0
2024-07-23 02:00:00+00:00,0,0,0,0,0
2024-07-23 03:00:00+00:00,0,0,0,0,0
2024-07-23 04:00:00+00:00,0,0.1,0.1,0,0
2024-07-23 05:00:00+00:00,0,0.1,0.1,0,0
2024-07-23 06:00:00+00:00,0,0.1,0.1,0,0
2024-07-23 07:00:00+00:00,0,0,0,0,0
2024-07-23 08:00:00+00:00,0,0,0,0,0
2024-07-23 09:00:00+00:00,0,0.3,0.3,0,0
2024-07-23 10:00:00+00:00,0,0,0,0,0
2024-07-23 11:00:00+00:00,0,0,0,0,0
2024-07-23 12:00:00+00:00,0,0,0,0,0
2024-07-23 13:00:00+00:00,0,0.6,0.6,0,0
2024-07-23 14:00:00+00:00,74.57616,1.1,1.1,0,0
2024-07-23 15:00:00+00:00,92.86676,0.1,0.1,0,0
2024-07-23 16:00:00+00:00,216.54092,0.1,0.1,0,0
2024-07-23 17:00:00+00:00,473.21527,0.1,0.1,0,0
2024-07-23 18:00:00+00:00,687.8604,0.1,0.1,0,0
2024-07-23 19:00:00+00:00,294.89246,0.1,0.1,0,0
2024-07-23 20:00:00+00:00,127.84845,0.1,0.1,0,0
2024-07-23 21:00:00+00:00,23.993748,1.8,1.8,0,0
2024-07-23 22:00:00+00:00,322.05786,0,0,0,0
2024-07-23 23:00:00+00:00,455.21027,3.5,3.5,0,0
2024-07-24 00:00:00+00:00,121.11887,0.1,0.1,0,0
2024-07-24 01:00:00+00:00,16.737898,0.1,0.1,0,0
2024-07-24 02:00:00+00:00,0,0,0,0,0
2024-07-24 03:00:00+00:00,0,0,0,0,0
2024-07-24 04:00:00+00:00,0,0,0,0,0
2024-07-24 05:00:00+00:00,0,0,0,0,0
2024-07-24 06:00:00+00:00,0,0,0,0,0
2024-07-24 07:00:00+00:00,0,0,0,0,0
2024-07-24 08:00:00+00:00,0,0,0,0,0
2024-07-24 09:00:00+00:00,0,0,0,0,0
2024-07-24 10:00:00+00:00,0,0,0,0,0
2024-07-24 11:00:00+00:00,0,0,0,0,0
2024-07-24 12:00:00+00:00,0,0,0,0,0
2024-07-24 13:00:00+00:00,209.88907,0,0,0,0
2024-07-24 14:00:00+00:00,385.16064,0.1,0.1,0,0
2024-07-24 15:00:00+00:00,570.78284,0.3,0.3,0,0
2024-07-24 16:00:00+00:00,487.93036,0.1,0.1,0,0
2024-07-24 17:00:00+00:00,644.28064,0,0,0,0
2024-07-24 18:00:00+00:00,718.94104,0.1,0.1,0,0
2024-07-24 19:00:00+00:00,258.34555,0,0,0,0
2024-07-24 20:00:00+00:00,170.94438,0.9,0.9,0,0
2024-07-24 21:00:00+00:00,185.26826,0,0,0,0
2024-07-24 22:00:00+00:00,453.61276,0,0,0,0
2024-07-24 23:00:00+00:00,466.47467,0,0,0,0
2024-07-25 00:00:00+00:00,318.16125,0,0,0,0
2024-07-25 01:00:00+00:00,151.66693,0,0,0,0
2024-07-25 02:00:00+00:00,13.871429,0,0,0,0
2024-07-25 03:00:00+00:00,0,0,0,0,0
2024-07-25 04:00:00+00:00,0,0,0,0,0
2024-07-25 05:00:00+00:00,0,0,0,0,0
2024-07-25 06:00:00+00:00,0,0,0,0,0
2024-07-25 07:00:00+00:00,0,0,0,0,0
2024-07-25 08:00:00+00:00,0,0,0,0,0
2024-07-25 09:00:00+00:00,0,0,0,0,0
2024-07-25 10:00:00+00:00,0,1,1,0,0
2024-07-25 11:00:00+00:00,0,0.3,0.3,0,0
2024-07-25 12:00:00+00:00,0,0.1,0.1,0,0
2024-07-25 13:00:00+00:00,0,0.4,0.4,0,0
2024-07-25 14:00:00+00:00,42.97865,0.4,0.4,0,0
2024-07-25 15:00:00+00:00,0,1.3,1.3,0,0
2024-07-25 16:00:00+00:00,6.7868347,9.3,9.3,0,0
2024-07-25 17:00:00+00:00,1.1537653,1.1,1.1,0,0
2024-07-25 18:00:00+00:00,10.534952,0.7,0.7,0,0
2024-07-25 19:00:00+00:00,12.262807,0.8,0.8,0,0
2024-07-25 20:00:00+00:00,30.437923,0.2,0.2,0,0
2024-07-25 21:00:00+00:00,26.32969,0,0,0,0
2024-07-25 22:00:00+00:00,170.17383,0,0,0,0
2024-07-25 23:00:00+00:00,294.98425,0,0,0,0
2024-07-26 00:00:00+00:00,106.47387,0,0,0,0
2024-07-26 01:00:00+00:00,39.505157,0,0,0,0
2024-07-26 02:00:00+00:00,0,0,0,0,0
2024-07-26 03:00:00+00:00,0,0,0,0,0
2024-07-26 04:00:00+00:00,0,0,0,0,0
2024-07-26 05:00:00+00:00,0,0.1,0.1,0,0
2024-07-26 06:00:00+00:00,0,0.3,0.3,0,0
2024-07-26 07:00:00+00:00,0,0.3,0.3,0,0
2024-07-26 08:00:00+00:00,0,0.2,0.2,0,0
2024-07-26 09:00:00+00:00,0,0.4,0.4,0,0
2024-07-26 10:00:00+00:00,0,0.5,0.5,0,0
2024-07-26 11:00:00+00:00,0,0,0,0,0
2024-07-26 12:00:00+00:00,0,0,0,0,0
2024-07-26 13:00:00+00:00,0,0.6,0.6,0,0
2024-07-26 14:00:00+00:00,5.395465,0.3,0.3,0,0
2024-07-26 15:00:00+00:00,14.115791,0.1,0.1,0,0
2024-07-26 16:00:00+00:00,171.28348,0.2,0.2,0,0
2024-07-26 17:00:00+00:00,474.70163,0.2,0.2,0,0
2024-07-26 18:00:00+00:00,343.73212,0,0,0,0
2024-07-26 19:00:00+00:00,84.884514,0,0,0,0
2024-07-26 20:00:00+00:00,183.8329,0.1,0.1,0,0
2024-07-26 21:00:00+00:00,119.181305,0.1,0.1,0,0
2024-07-26 22:00:00+00:00,152.97917,0,0,0,0
2024-07-26 23:00:00+00:00,53.59954,0,0,0,0
2024-07-27 00:00:00+00:00,86.055786,0,0,0,0
2024-07-27 01:00:00+00:00,0,0,0,0,0
2024-07-27 02:00:00+00:00,0,0,0,0,0
2024-07-27 03:00:00+00:00,0,0.1,0.1,0,0
2024-07-27 04:00:00+00:00,0,0.1,0.1,0,0
2024-07-27 05:00:00+00:00,0,0,0,0,0
2024-07-27 06:00:00+00:00,0,0,0,0,0
2024-07-27 07:00:00+00:00,0,0,0,0,0
2024-07-27 08:00:00+00:00,0,0,0,0,0
2024-07-27 09:00:00+00:00,0,0,0,0,0
2024-07-27 10:00:00+00:00,0,0,0,0,0
2024-07-27 11:00:00+00:00,0,0,0,0,0
2024-07-27 12:00:00+00:00,0,0,0,0,0
2024-07-27 13:00:00+00:00,23.67876,0,0,0,0
2024-07-27 14:00:00+00:00,2.709413,0,0,0,0
2024-07-27 15:00:00+00:00,3.5372572,0.2,0.2,0,0
2024-07-27 16:00:00+00:00,25.867308,0.1,0.1,0,0
2024-07-27 17:00:00+00:00,61.280624,0.1,0.1,0,0
2024-07-27 18:00:00+00:00,62.26364,0.1,0.1,0,0
2024-07-27 19:00:00+00:00,158.6491,0.2,0.2,0,0
2024-07-27 20:00:00+00:00,58.878963,0.1,0.1,0,0
2024-07-27 21:00:00+00:00,392.35907,0.1,0.1,0,0
2024-07-27 22:00:00+00:00,64.51238,0,0,0,0
2024-07-27 23:00:00+00:00,45.06319,0,0,0,0
2024-07-28 00:00:00+00:00,117.863,0,0,0,0
2024-07-28 01:00:00+00:00,39.904263,0,0,0,0
2024-07-28 02:00:00+00:00,0,0,0,0,0
2024-07-28 03:00:00+00:00,0,0,0,0,0
2024-07-28 04:00:00+00:00,0,0,0,0,0
2024-07-28 05:00:00+00:00,0,0,0,0,0
2024-07-28 06:00:00+00:00,0,0,0,0,0
2024-07-28 07:00:00+00:00,0,0,0,0,0
2024-07-28 08:00:00+00:00,0,0,0,0,0
2024-07-28 09:00:00+00:00,0,0,0,0,0
2024-07-28 10:00:00+00:00,0,0,0,0,0
2024-07-28 11:00:00+00:00,0,0,0,0,0
2024-07-28 12:00:00+00:00,0,0,0,0,0
2024-07-28 13:00:00+00:00,178.50424,0,0,0,0
2024-07-28 14:00:00+00:00,446.2748,0,0,0,0
2024-07-28 15:00:00+00:00,526.52356,0,0,0,0
2024-07-28 16:00:00+00:00,631.2995,0,0,0,0
2024-07-28 17:00:00+00:00,642.4145,0,0,0,0
2024-07-28 18:00:00+00:00,676.0086,0.1,0.1,0,0
2024-07-28 19:00:00+00:00,537.8171,0,0,0,0
2024-07-28 20:00:00+00:00,533.56335,0,0,0,0
2024-07-28 21:00:00+00:00,410.04767,0.3,0.3,0,0
2024-07-28 22:00:00+00:00,331.16742,0,0,0,0
2024-07-28 23:00:00+00:00,589.0497,0,0,0,0
2024-07-29 00:00:00+00:00,489.40546,0,0,0,0
2024-07-29 01:00:00+00:00,252.18396,0,0,0,0
2024-07-29 02:00:00+00:00,0,0,0,0,0
2024-07-29 03:00:00+00:00,0,0,0,0,0
2024-07-29 04:00:00+00:00,0,0,0,0,0
2024-07-29 05:00:00+00:00,0,0,0,0,0
2024-07-29 06:00:00+00:00,0,0,0,0,0
2024-07-29 07:00:00+00:00,0,0,0,0,0
2024-07-29 08:00:00+00:00,0,0,0,0,0
2024-07-29 09:00:00+00:00,0,0,0,0,0
2024-07-29 10:00:00+00:00,0,0,0,0,0
2024-07-29 11:00:00+00:00,0,0,0,0,0
2024-07-29 12:00:00+00:00,0,0,0,0,0
2024-07-29 13:00:00+00:00,0,0,0,0,0
2024-07-29 14:00:00+00:00,251.43973,0,0,0,0
2024-07-29 15:00:00+00:00,394.49432,0.1,0.1,0,0
2024-07-29 16:00:00+00:00,610.4107,0.1,0.1,0,0
2024-07-29 17:00:00+00:00,712.65375,0.1,0.1,0,0
2024-07-29 18:00:00+00:00,647.028,0.1,0.1,0,0
2024-07-29 19:00:00+00:00,699.2668,0.2,0.2,0,0
2024-07-29 20:00:00+00:00,672.08466,0.1,0.1,0,0
2024-07-29 21:00:00+00:00,688.8553,0.1,0.1,0,0
2024-07-29 22:00:00+00:00,501.65244,0,0,0,0
2024-07-29 23:00:00+00:00,512.2219,0,0,0,0
2024-07-30 00:00:00+00:00,483.82895,0,0,0,0
2024-07-30 01:00:00+00:00,317.01477,0,0,0,0
2024-07-30 02:00:00+00:00,14.968444,0,0,0,0
2024-07-30 03:00:00+00:00,0,0,0,0,0
2024-07-30 04:00:00+00:00,0,0,0,0,0
2024-07-30 05:00:00+00:00,0,0,0,0,0
2024-07-30 06:00:00+00:00,0,0,0,0,0
2024-07-30 07:00:00+00:00,0,0,0,0,0
2024-07-30 08:00:00+00:00,0,0,0,0,0
2024-07-30 09:00:00+00:00,0,0,0,0,0
2024-07-30 10:00:00+00:00,0,0,0,0,0
2024-07-30 11:00:00+00:00,0,0,0,0,0
2024-07-30 12:00:00+00:00,0,0,0,0,0
2024-07-30 13:00:00+00:00,132.25949,0,0,0,0
2024-07-30 14:00:00+00:00,216.85155,0.1,0.1,0,0
2024-07-30 15:00:00+00:00,488.0507,0,0,0,0
2024-07-30 16:00:00+00:00,661.9466,0.1,0.1,0,0
2024-07-30 17:00:00+00:00,704.17267,0.1,0.1,0,0
2024-07-30 18:00:00+00:00,659.2783,0.1,0.1,0,0
2024-07-30 19:00:00+00:00,578.8086,0.1,0.1,0,0
2024-07-30 20:00:00+00:00,602.1216,0.1,0.1,0,0
2024-07-30 21:00:00+00:00,553.8703,0.2,0.2,0,0
2024-07-30 22:00:00+00:00,422.8532,0,0,0,0
2024-07-30 23:00:00+00:00,445.51852,0,0,0,0
2024-07-31 00:00:00+00:00,454.38025,0,0,0,0
2024-07-31 01:00:00+00:00,284.10294,0,0,0,0
2024-07-31 02:00:00+00:00,15.236054,0,0,0,0
2024-07-31 03:00:00+00:00,0,0,0,0,0
2024-07-31 04:00:00+00:00,0,0,0,0,0
2024-07-31 05:00:00+00:00,0,0,0,0,0
2024-07-31 06:00:00+00:00,0,0,0,0,0
2024-07-31 07:00:00+00:00,0,0,0,0,0
2024-07-31 08:00:00+00:00,0,0,0,0,0
2024-07-31 09:00:00+00:00,0,0,0,0,0
2024-07-31 10:00:00+00:00,0,0,0,0,0
2024-07-31 11:00:00+00:00,0,0,0,0,0
2024-07-31 12:00:00+00:00,0,0,0,0,0
2024-07-31 13:00:00+00:00,90.64406,0.1,0.1,0,0
2024-07-31 14:00:00+00:00,424.5684,0.1,0.1,0,0
2024-07-31 15:00:00+00:00,553.4826,0,0,0,0
2024-07-31 16:00:00+00:00,624.61035,0,0,0,0
2024-07-31 17:00:00+00:00,807.1782,0,0,0,0
2024-07-31 18:00:00+00:00,846.34515,0,0,0,0
2024-07-31 19:00:00+00:00,849.5216,0,0,0,0
2024-07-31 20:00:00+00:00,840.2867,0,0,0,0
2024-07-31 21:00:00+00:00,816.37146,0,0,0,0
2024-07-31 22:00:00+00:00,785.05536,0,0,0,0
2024-07-31 23:00:00+00:00,716.6806,0,0,0,0
2024-08-01 00:00:00+00:00,595.68854,0,0,0,0
2024-08-01 01:00:00+00:00,355.87598,0,0,0,0
2024-08-01 02:00:00+00:00,15.525759,0,0,0,0
2024-08-01 03:00:00+00:00,0,0,0,0,0
2024-08-01 04:00:00+00:00,0,0,0,0,0
2024-08-01 05:00:00+00:00,0,0,0,0,0
2024-08-01 06:00:00+00:00,0,0,0,0,0
2024-08-01 07:00:00+00:00,0,0,0,0,0
2024-08-01 08:00:00+00:00,0,0,0,0,0
2024-08-01 09:00:00+00:00,0,0,0,0,0
2024-08-01 10:00:00+00:00,0,0,0,0,0
2024-08-01 11:00:00+00:00,0,0,0,0,0
2024-08-01 12:00:00+00:00,0,0,0,0,0
2024-08-01 13:00:00+00:00,97.19402,0,0,0,0
2024-08-01 14:00:00+00:00,443.05814,0,0,0,0
2024-08-01 15:00:00+00:00,642.5054,0,0,0,0
2024-08-01 16:00:00+00:00,729.8492,0,0,0,0
2024-08-01 17:00:00+00:00,799.98065,0,0,0,0
2024-08-01 18:00:00+00:00,836.5905,0,0,0,0
2024-08-01 19:00:00+00:00,851.39594,0,0,0,0
2024-08-01 20:00:00+00:00,829.613,0,0,0,0
2024-08-01 21:00:00+00:00,817.54736,0,0,0,0
2024-08-01 22:00:00+00:00,785.2789,0,0,0,0
2024-08-01 23:00:00+00:00,713.6308,0,0,0,0
2024-08-02 00:00:00+00:00,588.26135,0,0,0,0
2024-08-02 01:00:00+00:00,322.96942,0,0,0,0
2024-08-02 02:00:00+00:00,0,0,0,0,0
2024-08-02 03:00:00+00:00,0,0,0,0,0
2024-08-02 04:00:00+00:00,0,0,0,0,0
2024-08-02 05:00:00+00:00,0,0,0,0,0
2024-08-02 06:00:00+00:00,0,0,0,0,0
2024-08-02 07:00:00+00:00,0,0,0,0,0
2024-08-02 08:00:00+00:00,0,0,0,0,0
2024-08-02 09:00:00+00:00,0,0,0,0,0
2024-08-02 10:00:00+00:00,0,0,0,0,0
2024-08-02 11:00:00+00:00,0,0,0,0,0
2024-08-02 12:00:00+00:00,0,0,0,0,0
2024-08-02 13:00:00+00:00,299.2375,0,0,0,0
2024-08-02 14:00:00+00:00,550.7356,0,0,0,0
2024-08-02 15:00:00+00:00,669.18286,0,0,0,0
2024-08-02 16:00:00+00:00,710.3972,0,0,0,0
2024-08-02 17:00:00+00:00,743.8939,0,0,0,0
2024-08-02 18:00:00+00:00,798.1868,0,0,0,0
2024-08-02 19:00:00+00:00,814.19727,0,0,0,0
2024-08-02 20:00:00+00:00,826.3682,0,0,0,0
2024-08-02 21:00:00+00:00,816.4742,0,0,0,0
2024-08-02 22:00:00+00:00,766.5553,0,0,0,0
2024-08-02 23:00:00+00:00,698.32404,0,0,0,0
2024-08-03 00:00:00+00:00,580.8935,0,0,0,0
2024-08-03 01:00:00+00:00,331.0967,0,0,0,0
2024-08-03 02:00:00+00:00,0,0,0,0,0
2024-08-03 03:00:00+00:00,0,0,0,0,0
2024-08-03 04:00:00+00:00,0,0,0,0,0
2024-08-03 05:00:00+00:00,0,0,0,0,0
2024-08-03 06:00:00+00:00,0,0,0,0,0
2024-08-03 07:00:00+00:00,0,0,0,0,0
2024-08-03 08:00:00+00:00,0,0,0,0,0
2024-08-03 09:00:00+00:00,0,0,0,0,0
2024-08-03 10:00:00+00:00,0,0,0,0,0
2024-08-03 11:00:00+00:00,0,0,0,0,0
2024-08-03 12:00:00+00:00,0,0,0,0,0
2024-08-03 13:00:00+00:00,300.8474,0,0,0,0
2024-08-03 14:00:00+00:00,561.6114,0,0,0,0
2024-08-03 15:00:00+00:00,701.40283,0,0,0,0
2024-08-03 16:00:00+00:00,639.97754,0,0,0,0
2024-08-03 17:00:00+00:00,447.58325,0,0,0,0
2024-08-03 18:00:00+00:00,432.46173,0,0,0,0
2024-08-03 19:00:00+00:00,598.6887,0,0,0,0
2024-08-03 20:00:00+00:00,543.4782,0,0,0,0
2024-08-03 21:00:00+00:00,476.07086,0,0,0,0
2024-08-03 22:00:00+00:00,382.76822,0,0,0,0
2024-08-03 23:00:00+00:00,539.68933,0,0,0,0
2024-08-04 00:00:00+00:00,347.95142,0,0,0,0
2024-08-04 01:00:00+00:00,41.68423,0,0,0,0
2024-08-04 02:00:00+00:00,0,0,0,0,0
2024-08-04 03:00:00+00:00,0,0,0,0,0
2024-08-04 04:00:00+00:00,0,0,0,0,0
2024-08-04 05:00:00+00:00,0,0,0,0,0
2024-08-04 06:00:00+00:00,0,0,0,0,0
2024-08-04 07:00:00+00:00,0,0,0,0,0
2024-08-04 08:00:00+00:00,0,0,0,0,0
2024-08-04 09:00:00+00:00,0,0,0,0,0
2024-08-04 10:00:00+00:00,0,0,0,0,0
2024-08-04 11:00:00+00:00,0,0,0,0,0
2024-08-04 12:00:00+00:00,0,0,0,0,0
2024-08-04 13:00:00+00:00,234.58073,0,0,0,0
2024-08-04 14:00:00+00:00,345.24692,0,0,0,0
2024-08-04 15:00:00+00:00,416.48123,0,0,0,0
2024-08-04 16:00:00+00:00,632.75836,0.1,0.1,0,0
2024-08-04 17:00:00+00:00,692.0592,0,0,0,0
2024-08-04 18:00:00+00:00,779.7225,0,0,0,0
2024-08-04 19:00:00+00:00,712.8447,0,0,0,0
2024-08-04 20:00:00+00:00,813.6319,0,0,0,0
2024-08-04 21:00:00+00:00,790.1364,0,0,0,0
2024-08-04 22:00:00+00:00,774.1462,0,0,0,0
2024-08-04 23:00:00+00:00,681.90625,0,0,0,0
2024-08-05 00:00:00+00:00,571.7747,0,0,0,0
2024-08-05 01:00:00+00:00,311.9765,0,0,0,0
2024-08-05 02:00:00+00:00,0,0,0,0,0
2024-08-05 03:00:00+00:00,0,0,0,0,0
2024-08-05 04:00:00+00:00,0,0,0,0,0
2024-08-05 05:00:00+00:00,0,0,0,0,0
2024-08-05 06:00:00+00:00,0,0,0,0,0
2024-08-05 07:00:00+00:00,0,0,0,0,0
2024-08-05 08:00:00+00:00,0,0,0,0,0
2024-08-05 09:00:00+00:00,0,0,0,0,0
2024-08-05 10:00:00+00:00,0,0,0,0,0
2024-08-05 11:00:00+00:00,0,0,0,0,0
2024-08-05 12:00:00+00:00,0,0,0,0,0
2024-08-05 13:00:00+00:00,285.5316,0,0,0,0
2024-08-05 14:00:00+00:00,468.1027,0,0,0,0
2024-08-05 15:00:00+00:00,625.3937,0,0,0,0
2024-08-05 16:00:00+00:00,680.766,0,0,0,0
2024-08-05 17:00:00+00:00,753.7164,0,0,0,0
2024-08-05 18:00:00+00:00,760.38513,0,0,0,0
2024-08-05 19:00:00+00:00,826.26465,0,0,0,0
2024-08-05 20:00:00+00:00,779.69025,0,0,0,0
2024-08-05 21:00:00+00:00,778.7327,0,0,0,0
2024-08-05 22:00:00+00:00,769.1877,0,0,0,0
2024-08-05 23:00:00+00:00,716.5317,0,0,0,0
2024-08-06 00:00:00+00:00,594.86835,0,0,0,0
2024-08-06 01:00:00+00:00,284.18402,0,0,0,0
2024-08-06 02:00:00+00:00,0,0,0,0,0
2024-08-06 03:00:00+00:00,0,0,0,0,0
2024-08-06 04:00:00+00:00,0,0,0,0,0
2024-08-06 05:00:00+00:00,0,0,0,0,0
2024-08-06 06:00:00+00:00,0,0,0,0,0
2024-08-06 07:00:00+00:00,0,0,0,0,0
2024-08-06 08:00:00+00:00,0,0,0,0,0
2024-08-06 09:00:00+00:00,0,0,0,0,0
2024-08-06 10:00:00+00:00,0,0,0,0,0
2024-08-06 11:00:00+00:00,0,0,0,0,0
2024-08-06 12:00:00+00:00,0,0,0,0,0
2024-08-06 13:00:00+00:00,293.36407,0,0,0,0
2024-08-06 14:00:00+00:00,566.6224,0,0,0,0
2024-08-06 15:00:00+00:00,704.9112,0,0,0,0
2024-08-06 16:00:00+00:00,781.516,0,0,0,0
2024-08-06 17:00:00+00:00,762.9033,0,0,0,0
2024-08-06 18:00:00+00:00,801.8056,0,0,0,0
2024-08-06 19:00:00+00:00,799.35815,0,0,0,0
2024-08-06 20:00:00+00:00,785.0578,0,0,0,0
2024-08-06 21:00:00+00:00,801.11304,0,0,0,0
2024-08-06 22:00:00+00:00,705.2778,0,0,0,0
2024-08-06 23:00:00+00:00,610.16394,0,0,0,0
2024-08-07 00:00:00+00:00,499.1658,0,0,0,0
2024-08-07 01:00:00+00:00,286.49576,0,0,0,0
2024-08-07 02:00:00+00:00,0,0,0,0,0
2024-08-07 03:00:00+00:00,0,0,0,0,0
2024-08-07 04:00:00+00:00,0,0,0,0,0
2024-08-07 05:00:00+00:00,0,0,0,0,0
2024-08-07 06:00:00+00:00,0,0,0,0,0
2024-08-07 07:00:00+00:00,0,0,0,0,0
2024-08-07 08:00:00+00:00,0,0,0,0,0
2024-08-07 09:00:00+00:00,0,0,0,0,0
2024-08-07 10:00:00+00:00,0,0,0,0,0
2024-08-07 11:00:00+00:00,0,0,0,0,0
2024-08-07 12:00:00+00:00,0,0,0,0,0
2024-08-07 13:00:00+00:00,295.0185,0,0,0,0
2024-08-07 14:00:00+00:00,572.154,0,0,0,0
2024-08-07 15:00:00+00:00,710.36774,0,0,0,0
2024-08-07 16:00:00+00:00,789.7971,0,0,0,0
2024-08-07 17:00:00+00:00,833.06604,0,0,0,0
2024-08-07 18:00:00+00:00,607.4303,0,0,0,0
2024-08-07 19:00:00+00:00,650.2419,0,0,0,0
2024-08-07 20:00:00+00:00,640.2723,0,0,0,0
2024-08-07 21:00:00+00:00,781.63696,0,0,0,0
2024-08-07 22:00:00+00:00,786.934,0,0,0,0
2024-08-07 23:00:00+00:00,713.23224,0,0,0,0
2024-08-08 00:00:00+00:00,600.5289,0,0,0,0
2024-08-08 01:00:00+00:00,319.65335,0,0,0,0
2024-08-08 02:00:00+00:00,0,0,0,0,0
2024-08-08 03:00:00+00:00,0,0,0,0,0
2024-08-08 04:00:00+00:00,0,0,0,0,0
2024-08-08 05:00:00+00:00,0,0,0,0,0
2024-08-08 06:00:00+00:00,0,0,0,0,0
2024-08-08 07:00:00+00:00,0,0,0,0,0
2024-08-08 08:00:00+00:00,0,0,0,0,0
2024-08-08 09:00:00+00:00,0,0,0,0,0
2024-08-08 10:00:00+00:00,0,0,0,0,0
2024-08-08 11:00:00+00:00,0,0,0,0,0
2024-08-08 12:00:00+00:00,0,0,0,0,0
2024-08-08 13:00:00+00:00,296.69873,0,0,0,0
2024-08-08 14:00:00+00:00,580.6152,0,0,0,0
2024-08-08 15:00:00+00:00,717.6915,0,0,0,0
2024-08-08 16:00:00+00:00,788.41223,0,0,0,0
2024-08-08 17:00:00+00:00,828.356,0,0,0,0
2024-08-08 18:00:00+00:00,846.5632,0,0,0,0
2024-08-08 19:00:00+00:00,854.31244,0,0,0,0
2024-08-08 20:00:00+00:00,846.1244,0,0,0,0
2024-08-08 21:00:00+00:00,822.92633,0,0,0,0
2024-08-08 22:00:00+00:00,776.67694,0,0,0,0
2024-08-08 23:00:00+00:00,685.54596,0,0,0,0
2024-08-09 00:00:00+00:00,529.045,0,0,0,0
2024-08-09 01:00:00+00:00,241.84262,0,0,0,0
2024-08-09 02:00:00+00:00,0,0,0,0,0
2024-08-09 03:00:00+00:00,0,0,0,0,0
2024-08-09 04:00:00+00:00,0,0,0,0,0
2024-08-09 05:00:00+00:00,0,0,0,0,0
2024-08-09 06:00:00+00:00,0,0,0,0,0
2024-08-09 07:00:00+00:00,0,0,0,0,0
2024-08-09 08:00:00+00:00,0,0,0,0,0
2024-08-09 09:00:00+00:00,0,0,0,0,0
2024-08-09 10:00:00+00:00,0,0,0,0,0
2024-08-09 11:00:00+00:00,0,0,0,0,0
2024-08-09 12:00:00+00:00,0,0,0,0,0
2024-08-09 13:00:00+00:00,266.66168,0,0,0,0
2024-08-09 14:00:00+00:00,540.3154,0,0,0,0
2024-08-09 15:00:00+00:00,650.18994,0,0,0,0
2024-08-09 16:00:00+00:00,714.7357,0,0,0,0
2024-08-09 17:00:00+00:00,672.0873,0,0,0,0
2024-08-09 18:00:00+00:00,530.8639,0.2,0.2,0,0
2024-08-09 19:00:00+00:00,467.19385,0,0,0,0
2024-08-09 20:00:00+00:00,665.80286,0,0,0,0
2024-08-09 21:00:00+00:00,449.7905,0,0,0,0
2024-08-09 22:00:00+00:00,280.84183,0.9,0.9,0,0
2024-08-09 23:00:00+00:00,340.6345,0,0,0,0
2024-08-10 00:00:00+00:00,328.9637,0,0,0,0
2024-08-10 01:00:00+00:00,0,0,0,0,0
2024-08-10 02:00:00+00:00,0,0,0,0,0
2024-08-10 03:00:00+00:00,0,0,0,0,0
2024-08-10 04:00:00+00:00,0,0,0,0,0
2024-08-10 05:00:00+00:00,0,0,0,0,0
2024-08-10 06:00:00+00:00,0,0,0,0,0
2024-08-10 07:00:00+00:00,0,0,0,0,0
2024-08-10 08:00:00+00:00,0,0,0,0,0
2024-08-10 09:00:00+00:00,0,0,0,0,0
2024-08-10 10:00:00+00:00,0,0,0,0,0
2024-08-10 11:00:00+00:00,0,0,0,0,0
2024-08-10 12:00:00+00:00,0,0,0,0,0
2024-08-10 13:00:00+00:00,249.05357,0,0,0,0
2024-08-10 14:00:00+00:00,525.6289,0,0,0,0
2024-08-10 15:00:00+00:00,668.4139,0,0,0,0
2024-08-10 16:00:00+00:00,749.4722,0,0,0,0
2024-08-10 17:00:00+00:00,797.79535,0,0,0,0
2024-08-10 18:00:00+00:00,767.36053,0,0,0,0
2024-08-10 19:00:00+00:00,790.1589,0,0,0,0
2024-08-10 20:00:00+00:00,758.9728,0,0,0,0
2024-08-10 21:00:00+00:00,604.51843,0,0,0,0
2024-08-10 22:00:00+00:00,549.46246,0,0,0,0
2024-08-10 23:00:00+00:00,305.76025,0,0,0,0
2024-08-11 00:00:00+00:00,414.50424,0,0,0,0
2024-08-11 01:00:00+00:00,265.28275,0,0,0,0
2024-08-11 02:00:00+00:00,0,0,0,0,0
2024-08-11 03:00:00+00:00,0,0,0,0,0
2024-08-11 04:00:00+00:00,0,0,0,0,0
2024-08-11 05:00:00+00:00,0,0,0,0,0
2024-08-11 06:00:00+00:00,0,0,0,0,0
2024-08-11 07:00:00+00:00,0,0,0,0,0
2024-08-11 08:00:00+00:00,0,0,0,0,0
2024-08-11 09:00:00+00:00,0,0,0,0,0
2024-08-11 10:00:00+00:00,0,0,0,0,0
2024-08-11 11:00:00+00:00,0,0,0,0,0
2024-08-11 12:00:00+00:00,0,0,0,0,0
2024-08-11 13:00:00+00:00,269.7857,0,0,0,0
2024-08-11 14:00:00+00:00,548.5397,0,0,0,0
2024-08-11 15:00:00+00:00,692.26086,0,0,0,0
2024-08-11 16:00:00+00:00,770.4005,0,0,0,0
2024-08-11 17:00:00+00:00,815.48334,0,0,0,0
2024-08-11 18:00:00+00:00,840.33136,0,0,0,0
2024-08-11 19:00:00+00:00,840.2559,0,0,0,0
2024-08-11 20:00:00+00:00,829.98267,0,0,0,0
2024-08-11 21:00:00+00:00,812.89856,0,0,0,0
2024-08-11 22:00:00+00:00,676.39276,0,0,0,0
2024-08-11 23:00:00+00:00,669.2018,0,0,0,0
2024-08-12 00:00:00+00:00,533.2344,0,0,0,0
2024-08-12 01:00:00+00:00,235.97073,0,0,0,0
2024-08-12 02:00:00+00:00,0,0,0,0,0
2024-08-12 03:00:00+00:00,0,0,0,0,0
2024-08-12 04:00:00+00:00,0,0,0,0,0
2024-08-12 05:00:00+00:00,0,0,0,0,0
2024-08-12 06:00:00+00:00,0,0,0,0,0
2024-08-12 07:00:00+00:00,0,0,0,0,0
2024-08-12 08:00:00+00:00,0,0,0,0,0
2024-08-12 09:00:00+00:00,0,0,0,0,0
2024-08-12 10:00:00+00:00,0,0,0,0,0
2024-08-12 11:00:00+00:00,0,0,0,0,0
2024-08-12 12:00:00+00:00,0,0,0,0,0
2024-08-12 13:00:00+00:00,258.46036,0,0,0,0
2024-08-12 14:00:00+00:00,536.6892,0,0,0,0
2024-08-12 15:00:00+00:00,644.44507,0,0,0,0
2024-08-12 16:00:00+00:00,679.56555,0,0,0,0
2024-08-12 17:00:00+00:00,752.99475,0,0,0,0
2024-08-12 18:00:00+00:00,780.27124,0,0,0,0
2024-08-12 19:00:00+00:00,771.6637,0,0,0,0
2024-08-12 20:00:00+00:00,724.03876,0,0,0,0
2024-08-12 21:00:00+00:00,640.24506,0,0,0,0
2024-08-12 22:00:00+00:00,596.1469,0,0,0,0
2024-08-12 23:00:00+00:00,429.89047,0,0,0,0
2024-08-13 00:00:00+00:00,404.07428,0,0,0,0
2024-08-13 01:00:00+00:00,45.090797,0,0,0,0
2024-08-13 02:00:00+00:00,0,0,0,0,0
2024-08-13 03:00:00+00:00,0,0,0,0,0
2024-08-13 04:00:00+00:00,0,0,0,0,0
2024-08-13 05:00:00+00:00,0,0,0,0,0
2024-08-13 06:00:00+00:00,0,0,0,0,0
2024-08-13 07:00:00+00:00,0,0,0,0,0
2024-08-13 08:00:00+00:00,0,0,0,0,0
2024-08-13 09:00:00+00:00,0,0,0,0,0
2024-08-13 10:00:00+00:00,0,0,0,0,0
2024-08-13 11:00:00+00:00,0,0,0,0,0
2024-08-13 12:00:00+00:00,0,0,0,0,0
2024-08-13 13:00:00+00:00,214.50348,0,0,0,0
2024-08-13 14:00:00+00:00,325.39142,0,0,0,0
2024-08-13 15:00:00+00:00,389.58557,0,0,0,0
2024-08-13 16:00:00+00:00,609.41833,0,0,0,0
2024-08-13 17:00:00+00:00,678.5169,0,0,0,0
2024-08-13 18:00:00+00:00,689.92993,0,0,0,0
2024-08-13 19:00:00+00:00,597.4089,0,0,0,0
2024-08-13 20:00:00+00:00,557.48193,0,0,0,0
2024-08-13 21:00:00+00:00,387.65015,0,0,0,0
2024-08-13 22:00:00+00:00,637.296,0,0,0,0
2024-08-13 23:00:00+00:00,498.46344,0.3,0.3,0,0
2024-08-14 00:00:00+00:00,313.79355,0,0,0,0
2024-08-14 01:00:00+00:00,45.556915,0,0,0,0
2024-08-14 02:00:00+00:00,0,0,0,0,0
2024-08-14 03:00:00+00:00,0,0,0,0,0
2024-08-14 04:00:00+00:00,0,0,0,0,0
2024-08-14 05:00:00+00:00,0,0,0,0,0
2024-08-14 06:00:00+00:00,0,0,0,0,0
2024-08-14 07:00:00+00:00,0,0,0,0,0
2024-08-14 08:00:00+00:00,0,0,0,0,0
2024-08-14 09:00:00+00:00,0,0,0,0,0
2024-08-14 10:00:00+00:00,0,0,0,0,0
2024-08-14 11:00:00+00:00,0,0,0,0,0
2024-08-14 12:00:00+00:00,0,0,0,0,0
2024-08-14 13:00:00+00:00,241.95197,0,0,0,0
2024-08-14 14:00:00+00:00,527.3924,0,0,0,0
2024-08-14 15:00:00+00:00,670.2627,0,0,0,0
2024-08-14 16:00:00+00:00,699.03723,0,0,0,0
2024-08-14 17:00:00+00:00,751.8226,0,0,0,0
2024-08-14 18:00:00+00:00,752.4159,0,0,0,0
2024-08-14 19:00:00+00:00,781.4419,0,0,0,0
2024-08-14 20:00:00+00:00,788.21216,0,0,0,0
2024-08-14 21:00:00+00:00,771.25574,0,0,0,0
2024-08-14 22:00:00+00:00,730.7673,0,0,0,0
2024-08-14 23:00:00+00:00,651.27563,0,0,0,0
2024-08-15 00:00:00+00:00,298.8876,0,0,0,0
2024-08-15 01:00:00+00:00,190.7457,0,0,0,0
2024-08-15 02:00:00+00:00,0,0,0,0,0
2024-08-15 03:00:00+00:00,0,0,0,0,0
2024-08-15 04:00:00+00:00,0,0,0,0,0
2024-08-15 05:00:00+00:00,0,0,0,0,0
2024-08-15 06:00:00+00:00,0,0,0,0,0
2024-08-15 07:00:00+00:00,0,0,0,0,0
2024-08-15 08:00:00+00:00,0,0,0,0,0
2024-08-15 09:00:00+00:00,0,0,0,0,0
2024-08-15 10:00:00+00:00,0,0,0,0,0
2024-08-15 11:00:00+00:00,0,0,0,0,0
2024-08-15 12:00:00+00:00,0,0,0,0,0
2024-08-15 13:00:00+00:00,243.4207,0,0,0,0
2024-08-15 14:00:00+00:00,533.05084,0,0,0,0
2024-08-15 15:00:00+00:00,670.30524,0,0,0,0
2024-08-15 16:00:00+00:00,758.08466,0,0,0,0
2024-08-15 17:00:00+00:00,805.2292,0,0,0,0
2024-08-15 18:00:00+00:00,742.78723,0,0,0,0
2024-08-15 19:00:00+00:00,656.99945,0,0,0,0
2024-08-15 20:00:00+00:00,641.7442,0,0,0,0
2024-08-15 21:00:00+00:00,657.9753,0,0,0,0
2024-08-15 22:00:00+00:00,606.36066,0,0,0,0
2024-08-15 23:00:00+00:00,594.97174,0,0,0,0
2024-08-16 00:00:00+00:00,185.18959,0,0,0,0
2024-08-16 01:00:00+00:00,46.546543,0,0,0,0
2024-08-16 02:00:00+00:00,0,0,0,0,0
2024-08-16 03:00:00+00:00,0,0,0,0,0
2024-08-16 04:00:00+00:00,0,0,0,0,0
2024-08-16 05:00:00+00:00,0,0,0,0,0
2024-08-16 06:00:00+00:00,0,0,0,0,0
2024-08-16 07:00:00+00:00,0,0,0,0,0
2024-08-16 08:00:00+00:00,0,0,0,0,0
2024-08-16 09:00:00+00:00,0,0,0,0,0
2024-08-16 10:00:00+00:00,0,0,0,0,0
2024-08-16 11:00:00+00:00,0,0,0,0,0
2024-08-16 12:00:00+00:00,0,0,0,0,0
2024-08-16 13:00:00+00:00,191.95633,0,0,0,0
2024-08-16 14:00:00+00:00,500.07852,0,0,0,0
2024-08-16 15:00:00+00:00,636.844,0,0,0,0
2024-08-16 16:00:00+00:00,679.2781,0,0,0,0
2024-08-16 17:00:00+00:00,686.5956,0,0,0,0
2024-08-16 18:00:00+00:00,671.5199,0,0,0,0
2024-08-16 19:00:00+00:00,623.485,0,0,0,0
2024-08-16 20:00:00+00:00,623.5519,0,0,0,0
2024-08-16 21:00:00+00:00,641.80273,0,0,0,0
2024-08-16 22:00:00+00:00,600.0053,0,0,0,0
2024-08-16 23:00:00+00:00,616.88947,0,0,0,0
2024-08-17 00:00:00+00:00,352.8264,0.1,0.1,0,0
2024-08-17 01:00:00+00:00,181.55965,0,0,0,0
2024-08-17 02:00:00+00:00,0,0,0,0,0
2024-08-17 03:00:00+00:00,0,0,0,0,0
2024-08-17 04:00:00+00:00,0,0,0,0,0
2024-08-17 05:00:00+00:00,0,0,0,0,0
2024-08-17 06:00:00+00:00,0,0,0,0,0
2024-08-17 07:00:00+00:00,0,0,0,0,0
2024-08-17 08:00:00+00:00,0,0,0,0,0
2024-08-17 09:00:00+00:00,0,0,0,0,0
2024-08-17 10:00:00+00:00,0,0,0,0,0
2024-08-17 11:00:00+00:00,0,0,0,0,0
2024-08-17 12:00:00+00:00,0,0,0,0,0
2024-08-17 13:00:00+00:00,246.41801,0,0,0,0
2024-08-17 14:00:00+00:00,538.5813,0,0,0,0
2024-08-17 15:00:00+00:00,683.50616,0,0,0,0
2024-08-17 16:00:00+00:00,779.51495,0,0,0,0
2024-08-17 17:00:00+00:00,742.49976,0,0,0,0
2024-08-17 18:00:00+00:00,654.2036,0,0,0,0
2024-08-17 19:00:00+00:00,746.55316,0,0,0,0
2024-08-17 20:00:00+00:00,707.28906,0,0,0,0
2024-08-17 21:00:00+00:00,753.3306,0,0,0,0
2024-08-17 22:00:00+00:00,683.12573,0,0,0,0
2024-08-17 23:00:00+00:00,542.9596,0,0,0,0
2024-08-18 00:00:00+00:00,499.43542,0,0,0,0
2024-08-18 01:00:00+00:00,204.06793,0,0,0,0
2024-08-18 02:00:00+00:00,0,0,0,0,0
2024-08-18 03:00:00+00:00,0,0,0,0,0
2024-08-18 04:00:00+00:00,0,0,0,0,0
2024-08-18 05:00:00+00:00,0,0,0,0,0
2024-08-18 06:00:00+00:00,0,0,0,0,0
2024-08-18 07:00:00+00:00,0,0,0,0,0
2024-08-18 08:00:00+00:00,0,0,0,0,0
2024-08-18 09:00:00+00:00,0,0,0,0,0
2024-08-18 10:00:00+00:00,0,0,0,0,0
2024-08-18 11:00:00+00:00,0,0,0,0,0
2024-08-18 12:00:00+00:00,0,0,0,0,0
2024-08-18 13:00:00+00:00,80.41441,0,0,0,0
2024-08-18 14:00:00+00:00,294.76202,0,0,0,0
2024-08-18 15:00:00+00:00,530.0466,0,0,0,0
2024-08-18 16:00:00+00:00,591.50653,0,0,0,0
2024-08-18 17:00:00+00:00,590.0253,0,0,0,0
2024-08-18 18:00:00+00:00,623.83563,0,0,0,0
2024-08-18 19:00:00+00:00,679.4309,0,0,0,0
2024-08-18 20:00:00+00:00,756.62726,0,0,0,0
2024-08-18 21:00:00+00:00,720.6521,0,0,0,0
2024-08-18 22:00:00+00:00,759.77954,0,0,0,0
2024-08-18 23:00:00+00:00,616.1396,0,0,0,0
2024-08-19 00:00:00+00:00,504.4864,0,0,0,0
2024-08-19 01:00:00+00:00,48.181557,0,0,0,0
2024-08-19 02:00:00+00:00,0,0,0,0,0
2024-08-19 03:00:00+00:00,0,0,0,0,0
2024-08-19 04:00:00+00:00,0,0,0,0,0
2024-08-19 05:00:00+00:00,0,0,0,0,0
2024-08-19 06:00:00+00:00,0,0,0,0,0
2024-08-19 07:00:00+00:00,0,0,0,0,0
2024-08-19 08:00:00+00:00,0,0,0,0,0
2024-08-19 09:00:00+00:00,0,0,0,0,0
2024-08-19 10:00:00+00:00,0,0,0,0,0
2024-08-19 11:00:00+00:00,0,0,0,0,0
2024-08-19 12:00:00+00:00,0,0,0,0,0
2024-08-19 13:00:00+00:00,256.23285,0,0,0,0
2024-08-19 14:00:00+00:00,562.3929,0,0,0,0
2024-08-19 15:00:00+00:00,595.4769,0,0,0,0
2024-08-19 16:00:00+00:00,604.09344,0,0,0,0
2024-08-19 17:00:00+00:00,618.53436,0,0,0,0
2024-08-19 18:00:00+00:00,832.48193,0,0,0,0
2024-08-19 19:00:00+00:00,771.4476,0,0,0,0
2024-08-19 20:00:00+00:00,794.23267,0,0,0,0
2024-08-19 21:00:00+00:00,794.6753,0,0,0,0
2024-08-19 22:00:00+00:00,712.57806,0,0,0,0
2024-08-19 23:00:00+00:00,623.47406,0,0,0,0
2024-08-20 00:00:00+00:00,512.8233,0,0,0,0
2024-08-20 01:00:00+00:00,236.87599,0,0,0,0
2024-08-20 02:00:00+00:00,0,0,0,0,0
2024-08-20 03:00:00+00:00,0,0,0,0,0
2024-08-20 04:00:00+00:00,0,0,0,0,0
2024-08-20 05:00:00+00:00,0,0,0,0,0
2024-08-20 06:00:00+00:00,0,0,0,0,0
2024-08-20 07:00:00+00:00,0,0,0,0,0
2024-08-20 08:00:00+00:00,0,0,0,0,0
2024-08-20 09:00:00+00:00,0,0,0,0,0
2024-08-20 10:00:00+00:00,0,0,0,0,0
2024-08-20 11:00:00+00:00,0,0,0,0,0
2024-08-20 12:00:00+00:00,0,0,0,0,0
2024-08-20 13:00:00+00:00,101.77864,0,0,0,0
2024-08-20 14:00:00+00:00,462.02658,0,0,0,0
2024-08-20 15:00:00+00:00,550.147,0,0,0,0
2024-08-20 16:00:00+00:00,294.1638,0,0,0,0
2024-08-20 17:00:00+00:00,336.14365,0,0,0,0
2024-08-20 18:00:00+00:00,556.3261,0,0,0,0
2024-08-20 19:00:00+00:00,820.49695,0,0,0,0
2024-08-20 20:00:00+00:00,839.69556,0,0,0,0
2024-08-20 21:00:00+00:00,768.05084,0,0,0,0
2024-08-20 22:00:00+00:00,726.8481,0,0,0,0
2024-08-20 23:00:00+00:00,630.97845,0,0,0,0
2024-08-21 00:00:00+00:00,486.89682,0,0,0,0
2024-08-21 01:00:00+00:00,232.80331,0,0,0,0
2024-08-21 02:00:00+00:00,0,0,0,0,0
2024-08-21 03:00:00+00:00,0,0,0,0,0
2024-08-21 04:00:00+00:00,0,0,0,0,0
2024-08-21 05:00:00+00:00,0,0,0,0,0
2024-08-21 06:00:00+00:00,0,0,0,0,0
2024-08-21 07:00:00+00:00,0,0,0,0,0
2024-08-21 08:00:00+00:00,0,0,0,0,0
2024-08-21 09:00:00+00:00,0,0,0,0,0
2024-08-21 10:00:00+00:00,0,0,0,0,0
2024-08-21 11:00:00+00:00,0,0,0,0,0
2024-08-21 12:00:00+00:00,0,0,0,0,0
2024-08-21 13:00:00+00:00,232.15515,0,0,0,0
2024-08-21 14:00:00+00:00,534.7793,0,0,0,0
2024-08-21 15:00:00+00:00,684.0812,0,0,0,0
2024-08-21 16:00:00+00:00,770.47046,0,0,0,0
2024-08-21 17:00:00+00:00,818.5453,0,0,0,0
2024-08-21 18:00:00+00:00,749.2919,0,0,0,0
2024-08-21 19:00:00+00:00,544.544,0,0,0,0
2024-08-21 20:00:00+00:00,518.7817,0,0,0,0
2024-08-21 21:00:00+00:00,544.5388,0,0,0,0
2024-08-21 22:00:00+00:00,628.82733,0,0,0,0
2024-08-21 23:00:00+00:00,403.279,0,0,0,0
2024-08-22 00:00:00+00:00,381.14194,0,0,0,0
2024-08-22 01:00:00+00:00,135.79239,0,0,0,0
2024-08-22 02:00:00+00:00,0,8.4,8.4,0,0
2024-08-22 03:00:00+00:00,0,0,0,0,0
2024-08-22 04:00:00+00:00,0,0,0,0,0
2024-08-22 05:00:00+00:00,0,0,0,0,0
2024-08-22 06:00:00+00:00,0,0,0,0,0
2024-08-22 07:00:00+00:00,0,0,0,0,0
2024-08-22 08:00:00+00:00,0,0,0,0,0
2024-08-22 09:00:00+00:00,0,0,0,0,0
2024-08-22 10:00:00+00:00,0,0,0,0,0
2024-08-22 11:00:00+00:00,0,0,0,0,0
2024-08-22 12:00:00+00:00,0,0,0,0,0
2024-08-22 13:00:00+00:00,171.78691,0,0,0,0
2024-08-22 14:00:00+00:00,227.35262,0,0,0,0
2024-08-22 15:00:00+00:00,214.18803,0,0,0,0
2024-08-22 16:00:00+00:00,692.24,0.7,0.7,0,0
2024-08-22 17:00:00+00:00,349.41205,0,0,0,0
2024-08-22 18:00:00+00:00,617.3794,0.1,0.1,0,0
2024-08-22 19:00:00+00:00,161.36044,0,0,0,0
2024-08-22 20:00:00+00:00,381.79654,0.4,0.4,0,0
2024-08-22 21:00:00+00:00,490.49637,0,0,0,0
2024-08-22 22:00:00+00:00,504.00693,0,0,0,0
2024-08-22 23:00:00+00:00,236.89154,0,0,0,0
2024-08-23 00:00:00+00:00,231.32132,0,0,0,0
2024-08-23 01:00:00+00:00,0,3,3,0,0
2024-08-23 02:00:00+00:00,0,0.1,0.1,0,0
2024-08-23 03:00:00+00:00,0,0,0,0,0
2024-08-23 04:00:00+00:00,0,0,0,0,0
2024-08-23 05:00:00+00:00,0,0,0,0,0
2024-08-23 06:00:00+00:00,0,0,0,0,0
2024-08-23 07:00:00+00:00,0,0,0,0,0
2024-08-23 08:00:00+00:00,0,0,0,0,0
2024-08-23 09:00:00+00:00,0,0,0,0,0
2024-08-23 10:00:00+00:00,0,0,0,0,0
2024-08-23 11:00:00+00:00,0,0,0,0,0
2024-08-23 12:00:00+00:00,0,0,0,0,0
2024-08-23 13:00:00+00:00,124.47925,0,0,0,0
2024-08-23 14:00:00+00:00,188.42978,0.1,0.1,0,0
2024-08-23 15:00:00+00:00,359.34506,0.2,0.2,0,0
2024-08-23 16:00:00+00:00,193.11772,8.5,8.5,0,0
2024-08-23 17:00:00+00:00,21.655127,1.8,1.8,0,0
2024-08-23 18:00:00+00:00,0,0,0,0,0
2024-08-23 19:00:00+00:00,27.659187,0,0,0,0
2024-08-23 20:00:00+00:00,29.696016,0.1,0.1,0,0
2024-08-23 21:00:00+00:00,134.85796,0.1,0.1,0,0
2024-08-23 22:00:00+00:00,74.18213,0,0,0,0
2024-08-23 23:00:00+00:00,130.94376,0,0,0,0
2024-08-24 00:00:00+00:00,29.260378,0,0,0,0
2024-08-24 01:00:00+00:00,29.384563,0,0,0,0
2024-08-24 02:00:00+00:00,0,0,0,0,0
2024-08-24 03:00:00+00:00,0,0,0,0,0
2024-08-24 04:00:00+00:00,0,0,0,0,0
2024-08-24 05:00:00+00:00,0,0,0,0,0
2024-08-24 06:00:00+00:00,0,0,0,0,0
2024-08-24 07:00:00+00:00,0,0,0,0,0
2024-08-24 08:00:00+00:00,0,0,0,0,0
2024-08-24 09:00:00+00:00,0,0,0,0,0
2024-08-24 10:00:00+00:00,0,0,0,0,0
2024-08-24 11:00:00+00:00,0,0,0,0,0
2024-08-24 12:00:00+00:00,0,0,0,0,0
2024-08-24 13:00:00+00:00,90.48204,0,0,0,0
2024-08-24 14:00:00+00:00,400.66617,0,0,0,0
2024-08-24 15:00:00+00:00,667.52527,0,0,0,0
2024-08-24 16:00:00+00:00,746.9945,0,0,0,0
2024-08-24 17:00:00+00:00,796.80774,0,0,0,0
2024-08-24 18:00:00+00:00,766.7828,0,0,0,0
2024-08-24 19:00:00+00:00,784.66705,0,0,0,0
2024-08-24 20:00:00+00:00,694.69147,0,0,0,0
2024-08-24 21:00:00+00:00,725.2496,0,0,0,0
2024-08-24 22:00:00+00:00,664.76953,0,0,0,0
2024-08-24 23:00:00+00:00,588.28687,0,0,0,0
2024-08-25 00:00:00+00:00,493.69568,0,0,0,0
2024-08-25 01:00:00+00:00,186.3307,0,0,0,0
2024-08-25 02:00:00+00:00,0,0,0,0,0
2024-08-25 03:00:00+00:00,0,0,0,0,0
2024-08-25 04:00:00+00:00,0,0,0,0,0
2024-08-25 05:00:00+00:00,0,0,0,0,0
2024-08-25 06:00:00+00:00,0,0,0,0,0
2024-08-25 07:00:00+00:00,0,0,0,0,0
2024-08-25 08:00:00+00:00,0,0,0,0,0
2024-08-25 09:00:00+00:00,0,0,0,0,0
2024-08-25 10:00:00+00:00,0,0,0,0,0
2024-08-25 11:00:00+00:00,0,0,0,0,0
2024-08-25 12:00:00+00:00,0,0,0,0,0
2024-08-25 13:00:00+00:00,210.1662,0,0,0,0
2024-08-25 14:00:00+00:00,524.68475,0,0,0,0
2024-08-25 15:00:00+00:00,679.1971,0,0,0,0
2024-08-25 16:00:00+00:00,676.8782,0,0,0,0
2024-08-25 17:00:00+00:00,738.03784,0,0,0,0
2024-08-25 18:00:00+00:00,710.0849,0,0,0,0
2024-08-25 19:00:00+00:00,776.80585,0,0,0,0
2024-08-25 20:00:00+00:00,789.40753,0,0,0,0
2024-08-25 21:00:00+00:00,765.60583,0,0,0,0
2024-08-25 22:00:00+00:00,738.2704,0,0,0,0
2024-08-25 23:00:00+00:00,614.14856,0,0,0,0
2024-08-26 00:00:00+00:00,456.66092,0,0,0,0
2024-08-26 01:00:00+00:00,113.484604,0,0,0,0
2024-08-26 02:00:00+00:00,0,0,0,0,0
2024-08-26 03:00:00+00:00,0,0,0,0,0
2024-08-26 04:00:00+00:00,0,0,0,0,0
2024-08-26 05:00:00+00:00,0,0,0,0,0
2024-08-26 06:00:00+00:00,0,0,0,0,0
2024-08-26 07:00:00+00:00,0,0,0,0,0
2024-08-26 08:00:00+00:00,0,0,0,0,0
2024-08-26 09:00:00+00:00,0,0,0,0,0
2024-08-26 10:00:00+00:00,0,0,0,0,0
2024-08-26 11:00:00+00:00,0,0,0,0,0
2024-08-26 12:00:00+00:00,0,0,0,0,0
2024-08-26 13:00:00+00:00,183.34018,0.1,0.1,0,0
2024-08-26 14:00:00+00:00,298.35498,0,0,0,0
2024-08-26 15:00:00+00:00,587.3204,0,0,0,0
2024-08-26 16:00:00+00:00,409.10754,4.8,4.8,0,0
2024-08-26 17:00:00+00:00,99.25633,0.1,0.1,0,0
2024-08-26 18:00:00+00:00,562.86743,0.1,0.1,0,0
2024-08-26 19:00:00+00:00,248.46516,0.1,0.1,0,0
2024-08-26 20:00:00+00:00,42.128197,0.3,0.3,0,0
2024-08-26 21:00:00+00:00,409.90198,0.1,0.1,0,0
2024-08-26 22:00:00+00:00,460.0934,0.1,0.1,0,0
2024-08-26 23:00:00+00:00,422.98572,0,0,0,0
2024-08-27 00:00:00+00:00,226.27017,0,0,0,0
2024-08-27 01:00:00+00:00,0,2,2,0,0
2024-08-27 02:00:00+00:00,0,0.2,0.2,0,0
2024-08-27 03:00:00+00:00,0,0,0,0,0
2024-08-27 04:00:00+00:00,0,0,0,0,0
2024-08-27 05:00:00+00:00,0,0,0,0,0
2024-08-27 06:00:00+00:00,0,0,0,0,0
2024-08-27 07:00:00+00:00,0,0,0,0,0
2024-08-27 08:00:00+00:00,0,0,0,0,0
2024-08-27 09:00:00+00:00,0,0,0,0,0
2024-08-27 10:00:00+00:00,0,0,0,0,0
2024-08-27 11:00:00+00:00,0,0,0,0,0
2024-08-27 12:00:00+00:00,0,0,0,0,0
2024-08-27 13:00:00+00:00,56.786774,0,0,0,0
2024-08-27 14:00:00+00:00,224.24097,0,0,0,0
2024-08-27 15:00:00+00:00,244.54747,0,0,0,0
2024-08-27 16:00:00+00:00,583.3783,0,0,0,0
2024-08-27 17:00:00+00:00,736.3126,0,0,0,0
2024-08-27 18:00:00+00:00,545.3117,0,0,0,0
2024-08-27 19:00:00+00:00,717.10425,0,0,0,0
2024-08-27 20:00:00+00:00,733.7587,0,0,0,0
2024-08-27 21:00:00+00:00,734.0473,0,0,0,0
2024-08-27 22:00:00+00:00,674.21985,0,0,0,0
2024-08-27 23:00:00+00:00,540.63385,0,0,0,0
2024-08-28 00:00:00+00:00,280.68518,0.1,0.1,0,0
2024-08-28 01:00:00+00:00,0,0,0,0,0
2024-08-28 02:00:00+00:00,0,0,0,0,0
2024-08-28 03:00:00+00:00,0,0,0,0,0
2024-08-28 04:00:00+00:00,0,0,0,0,0
2024-08-28 05:00:00+00:00,0,0,0,0,0
2024-08-28 06:00:00+00:00,0,0,0,0,0
2024-08-28 07:00:00+00:00,0,0,0,0,0
2024-08-28 08:00:00+00:00,0,0,0,0,0
2024-08-28 09:00:00+00:00,0,0,0,0,0
2024-08-28 10:00:00+00:00,0,0,0,0,0
2024-08-28 11:00:00+00:00,0,0,0,0,0
2024-08-28 12:00:00+00:00,0,0,0,0,0
2024-08-28 13:00:00+00:00,128.62642,0,0,0,0
2024-08-28 14:00:00+00:00,171.52379,0,0,0,0
2024-08-28 15:00:00+00:00,125.57393,0.5,0.5,0,0
2024-08-28 16:00:00+00:00,59.35036,0,0,0,0
2024-08-28 17:00:00+00:00,145.88367,0,0,0,0
2024-08-28 18:00:00+00:00,580.811,0.1,0.1,0,0
2024-08-28 19:00:00+00:00,774.8101,0,0,0,0
2024-08-28 20:00:00+00:00,731.4199,0.1,0.1,0,0
2024-08-28 21:00:00+00:00,712.0091,0,0,0,0
2024-08-28 22:00:00+00:00,527.1633,0.3,0.3,0,0
2024-08-28 23:00:00+00:00,459.6405,0,0,0,0
2024-08-29 00:00:00+00:00,204.77777,0,0,0,0
2024-08-29 01:00:00+00:00,0,0,0,0,0
2024-08-29 02:00:00+00:00,0,0,0,0,0
2024-08-29 03:00:00+00:00,0,0,0,0,0
2024-08-29 04:00:00+00:00,0,0,0,0,0
2024-08-29 05:00:00+00:00,0,0,0,0,0
2024-08-29 06:00:00+00:00,0,0,0,0,0
2024-08-29 07:00:00+00:00,0,0,0,0,0
2024-08-29 08:00:00+00:00,0,0,0,0,0
2024-08-29 09:00:00+00:00,0,0,0,0,0
2024-08-29 10:00:00+00:00,0,0,0,0,0
2024-08-29 11:00:00+00:00,0,0,0,0,0
2024-08-29 12:00:00+00:00,0,0,0,0,0
2024-08-29 13:00:00+00:00,179.85764,0,0,0,0
2024-08-29 14:00:00+00:00,498.37854,0,0,0,0
2024-08-29 15:00:00+00:00,509.7883,0,0,0,0
2024-08-29 16:00:00+00:00,564.5224,0.1,0.1,0,0
2024-08-29 17:00:00+00:00,709.1257,0.2,0.2,0,0
2024-08-29 18:00:00+00:00,738.46985,0,0,0,0
2024-08-29 19:00:00+00:00,697.99524,0,0,0,0
2024-08-29 20:00:00+00:00,734.70856,0,0,0,0
2024-08-29 21:00:00+00:00,492.5821,0.1,0.1,0,0
2024-08-29 22:00:00+00:00,468.47913,0.4,0.4,0,0
2024-08-29 23:00:00+00:00,232.6038,0,0,0,0
2024-08-30 00:00:00+00:00,362.63016,0,0,0,0
2024-08-30 01:00:00+00:00,121.077,0,0,0,0
2024-08-30 02:00:00+00:00,0,0,0,0,0
2024-08-30 03:00:00+00:00,0,0,0,0,0
2024-08-30 04:00:00+00:00,0,0,0,0,0
2024-08-30 05:00:00+00:00,0,0,0,0,0
2024-08-30 06:00:00+00:00,0,0,0,0,0
2024-08-30 07:00:00+00:00,0,0,0,0,0
2024-08-30 08:00:00+00:00,0,0,0,0,0
2024-08-30 09:00:00+00:00,0,0,0,0,0
2024-08-30 10:00:00+00:00,0,0,0,0,0
2024-08-30 11:00:00+00:00,0,0,0,0,0
2024-08-30 12:00:00+00:00,0,0,0,0,0
2024-08-30 13:00:00+00:00,14.487064,0,0,0,0
2024-08-30 14:00:00+00:00,54.628323,0,0,0,0
2024-08-30 15:00:00+00:00,153.64981,0,0,0,0
2024-08-30 16:00:00+00:00,258.97964,0.1,0.1,0,0
2024-08-30 17:00:00+00:00,534.8997,0.2,0.2,0,0
2024-08-30 18:00:00+00:00,577.92334,0,0,0,0
2024-08-30 19:00:00+00:00,652.1975,0,0,0,0
2024-08-30 20:00:00+00:00,121.141335,0,0,0,0
2024-08-30 21:00:00+00:00,353.72888,0,0,0,0
2024-08-30 22:00:00+00:00,666.5058,0.3,0.3,0,0
2024-08-30 23:00:00+00:00,331.08035,0,0,0,0
2024-08-31 00:00:00+00:00,260.80396,0,0,0,0
2024-08-31 01:00:00+00:00,114.99113,0,0,0,0
2024-08-31 02:00:00+00:00,0,0,0,0,0
2024-08-31 03:00:00+00:00,0,0,0,0,0
2024-08-31 04:00:00+00:00,0,0,0,0,0
2024-08-31 05:00:00+00:00,0,0,0,0,0
2024-08-31 06:00:00+00:00,0,0,0,0,0
2024-08-31 07:00:00+00:00,0,0,0,0,0
2024-08-31 08:00:00+00:00,0,0,0,0,0
2024-08-31 09:00:00+00:00,0,0,0,0,0
2024-08-31 10:00:00+00:00,0,0,0,0,0
2024-08-31 11:00:00+00:00,0,0,0,0,0
2024-08-31 12:00:00+00:00,0,0,0,0,0
2024-08-31 13:00:00+00:00,65.643265,0,0,0,0
2024-08-31 14:00:00+00:00,229.5057,0,0,0,0
2024-08-31 15:00:00+00:00,466.441,0,0,0,0
2024-08-31 16:00:00+00:00,636.0174,0.1,0.1,0,0
2024-08-31 17:00:00+00:00,762.6195,0,0,0,0
2024-08-31 18:00:00+00:00,757.54694,0,0,0,0
2024-08-31 19:00:00+00:00,806.81946,0,0,0,0
2024-08-31 20:00:00+00:00,751.6156,0,0,0,0
2024-08-31 21:00:00+00:00,685.2268,0.1,0.1,0,0
2024-08-31 22:00:00+00:00,674.5877,0.1,0.1,0,0
2024-08-31 23:00:00+00:00,576.2657,0.1,0.1,0,0
